file,category,poc_name,cve_id,protocol,grade,attack_input,execution_path,observable_result,safety_gate,is_recon,missing
pocs/advanced/01_OTA_MITM_Interception.py,advanced,OTA MITM Interception,CWE-295,rf,STATIC_OR_METADATA,False,False,True,False,False,"attack_input,execution_path,safety_gate"
pocs/advanced/02_RF_Keyfob_Replay.py,advanced,RF Keyfob Replay,CVE-2022-27254,rf,EXP_READY,True,True,True,True,False,
pocs/advanced/03_GPS_Spoofing.py,advanced,GPS Spoofing,CWE-345,rf,PAYLOAD_NOT_EXECUTED,True,False,True,False,False,"execution_path,safety_gate"
pocs/advanced/04_TPMS_Signal_Spoofing.py,advanced,TPMS Signal Spoofing,CWE-345,rf,STATIC_OR_METADATA,False,False,True,False,False,"attack_input,execution_path,safety_gate"
pocs/advanced/05_V2X_BSM_Injection.py,advanced,V2X BSM Injection,CWE-345,rf,PAYLOAD_NOT_EXECUTED,True,False,True,False,False,"execution_path,safety_gate"
pocs/advanced/06_FW_Update_TOCTOU.py,advanced,FW Update TOCTOU,CWE-367,rf,PAYLOAD_NOT_EXECUTED,True,False,True,False,False,"execution_path,safety_gate"
pocs/advanced/07_QNX_Unsigned_Firmware.py,advanced,QNX Unsigned Firmware,CWE-347,rf,STATIC_OR_METADATA,False,False,True,False,False,"attack_input,execution_path,safety_gate"
pocs/advanced/08_USB_Unsigned_Update.py,advanced,USB Unsigned Update,CWE-347,rf,PAYLOAD_NOT_EXECUTED,True,False,True,False,False,"execution_path,safety_gate"
pocs/advanced/09_File_ACL_Permission_Audit.py,advanced,检测已连接的 Android 设备上若干敏感文件或接口的权限问题...,CWE-732,local,STATIC_OR_METADATA,False,False,False,True,False,"attack_input,execution_path,observable_result"
pocs/advanced/10_SELinux_Policy_Audit.py,advanced,检测设备是否启用安全SELinux状态...,CWE-284,local,STATIC_OR_METADATA,False,False,True,True,False,"attack_input,execution_path"
pocs/advanced/11_Stack_Canary_Hardening_Audit.py,advanced,检测已连接设备是否启用栈保护机制...,CWE-693,local,STATIC_OR_METADATA,False,False,False,True,False,"attack_input,execution_path,observable_result"
pocs/advanced/12_ASLR_Address_Space_Audit.py,advanced,检测设备是否启用了地址空间布局随机化（ASLR）...,CWE-693,local,STATIC_OR_METADATA,False,False,False,True,False,"attack_input,execution_path,observable_result"
pocs/advanced/13_Android_Zygote_Command_Injection_Audit.py,advanced,检测设备是否存在Zygote进程命令注入漏洞（CVE-2024-31317）...,CVE-2024-31317,local,PAYLOAD_NOT_EXECUTED,True,False,False,True,False,"execution_path,observable_result"
pocs/advanced/14_SELinux_Runtime_Enforcement_Audit.py,advanced,检测SELinux宽容设备是否存在敏感数据泄露风险...,CWE-284,local,STATIC_OR_METADATA,False,False,True,True,False,"attack_input,execution_path"
pocs/advanced/15_System_Directory_Protection_Audit.py,advanced,检测设备dm_verity系统分区完整性验证是否开启...,CWE-353,local,STATIC_OR_METADATA,False,False,False,True,False,"attack_input,execution_path,observable_result"
pocs/advanced/16_ProcFS_Hidepid_Audit.py,advanced,检测设备是否存在procfs进程信息泄露漏洞...,CWE-200,local,STATIC_OR_METADATA,False,False,True,True,False,"attack_input,execution_path"
pocs/advanced/17_QNX_Kernel_Null_Deref_DoS_Audit.py,advanced,CVE-2025-8090 空指针引用/DoS Active Validation,CVE-2025-8090,local,EXP_READY,True,True,True,True,False,
pocs/advanced/18_QNX_PCX_Codec_OOB_Write_RCE_DoS_Audit.py,advanced,CVE-2025-2474 越界写/RCE或DoS Active Validation,CVE-2025-2474,local,EXP_READY,True,True,True,True,False,
pocs/advanced/19_QNX_SGI_Codec_Input_Validation_RCE_DoS_Audit.py,advanced,CVE-2024-35213 输入校验/RCE或DoS Active Validation,CVE-2024-35213,local,EXP_READY,True,True,True,True,False,
pocs/advanced/20_QNX_Network_Stack_Null_Deref_DoS_Audit.py,advanced,CVE-2024-35215 空指针/DoS Active Validation,CVE-2024-35215,local,STATIC_OR_METADATA,False,False,False,False,False,"attack_input,execution_path,observable_result,safety_gate"
pocs/advanced/21_QNX_TIFF_Codec_OOB_Read_Info_Leak_Audit.py,advanced,CVE-2024-48855 越界读/信息泄露 Active Validation,CVE-2024-48855,local,EXP_READY,True,True,True,True,False,
pocs/advanced/22_QNX_PCX_Codec_OOB_Write_RCE_DoS_Audit.py,advanced,CVE-2024-48856 越界写/RCE或DoS Active Validation,CVE-2024-48856,local,EXP_READY,True,True,True,True,False,
pocs/advanced/23_QNX_PCX_Codec_Null_Deref_DoS_Audit.py,advanced,CVE-2024-48857 空指针/DoS Active Validation,CVE-2024-48857,local,EXP_READY,True,True,True,True,False,
pocs/advanced/24_QNX_PCX_Codec_Input_Validation_DoS_Audit.py,advanced,CVE-2024-48858 输入校验/DoS Active Validation,CVE-2024-48858,local,EXP_READY,True,True,True,True,False,
pocs/advanced/25_QNX_Calloc_Integer_Overflow_RCE_DoS_Audit.py,advanced,CVE-2021-22156 整数溢出/RCE或DoS Active Validation,CVE-2021-22156,local,PAYLOAD_NOT_EXECUTED,True,False,False,False,False,"execution_path,observable_result,safety_gate"
pocs/advanced/26_QNX_Kernel_Privilege_Escalation_Audit.py,advanced,CVE-2021-32025 权限提升 Active Validation,CVE-2021-32025,local,STATIC_OR_METADATA,False,False,True,False,False,"attack_input,execution_path,safety_gate"
pocs/advanced/28_QNX_GOT_PLT_Memory_Protection_Bypass_Audit.py,advanced,CVE-2017-3893 内存保护绕过 Active Validation,CVE-2017-3893,local,PAYLOAD_NOT_EXECUTED,True,False,False,False,False,"execution_path,observable_result,safety_gate"
pocs/advanced/29_XZ_LibLZMA_Supply_Chain_Backdoor_Audit.py,advanced,CVE-2024-3094 供应链后门 Active Validation,CVE-2024-3094,local,STATIC_OR_METADATA,False,False,False,False,False,"attack_input,execution_path,observable_result,safety_gate"
pocs/advanced/30_Glibc_Iconv_Buffer_Overflow_Audit.py,advanced,CVE-2024-2961 缓冲区溢出 Active Validation,CVE-2024-2961,local,PAYLOAD_NOT_EXECUTED,True,False,True,False,False,"execution_path,safety_gate"
pocs/advanced/36_Nissan_Bosch_IVI_Module_Signature_Verification_Audit.py,advanced,CVE-2025-32060 签名校验缺失 Active Validation,CVE-2025-32060,local,STATIC_OR_METADATA,False,False,False,False,False,"attack_input,execution_path,observable_result,safety_gate"
pocs/advanced/37_Linux_Kernel_Copy_Fail_LPE_Audit.py,advanced,Linux Kernel Copy Fail LPE Audit,CVE-2026-31431,local,STATIC_OR_METADATA,False,False,False,True,False,"attack_input,execution_path,observable_result"
pocs/application/01_AirPlay_AirBorne_UAF.py,application,AirPlay AirBorne UAF,CVE-2025-24252,unknown,EXP_READY,True,True,True,True,False,
pocs/application/02_IVI_USB_SQLi.py,application,IVI USB SQLi,CVE-2024-8355,unknown,PAYLOAD_NOT_EXECUTED,True,False,True,False,False,"execution_path,safety_gate"
pocs/application/03_CarPlay_Stack_Overflow.py,application,CarPlay Stack Overflow,"CVE-2024-23923,CVE-2025-8474",unknown,PAYLOAD_NOT_EXECUTED,True,False,True,False,False,"execution_path,safety_gate"
pocs/application/04_HiQnet_Stack_Overflow_TCP.py,application,HiQnet Stack Overflow TCP,CVE-2021-23906,unknown,PAYLOAD_NOT_EXECUTED,True,False,True,False,False,"execution_path,safety_gate"
pocs/application/05_HiQnet_Heap_Overflow_UDP.py,application,HiQnet Heap Overflow UDP,CVE-2021-23906,unknown,PAYLOAD_NOT_EXECUTED,True,False,True,False,False,"execution_path,safety_gate"
pocs/application/06_WebView_File_Exfil.py,application,WebView File Exfil,CWE-200,unknown,STATIC_OR_METADATA,False,False,True,False,False,"attack_input,execution_path,safety_gate"
pocs/application/07_Filename_Command_Injection.py,application,Filename Command Injection,CWE-78,unknown,PAYLOAD_NOT_EXECUTED,True,False,True,False,False,"execution_path,safety_gate"
pocs/application/08_USB_Path_Injection.py,application,USB Path Injection,CWE-22,unknown,PAYLOAD_NOT_EXECUTED,True,False,True,False,False,"execution_path,safety_gate"
pocs/application/09_IVI_DevMode_Bypass.py,application,IVI DevMode Bypass,CVE-2025-32063,unknown,STATIC_OR_METADATA,False,False,True,False,False,"attack_input,execution_path,safety_gate"
pocs/application/10_Wireless_Dongle_Auth_Bypass.py,application,Wireless Dongle Auth Bypass,CVE-2025-2765,unknown,STATIC_OR_METADATA,False,False,True,False,False,"attack_input,execution_path,safety_gate"
pocs/application/11_RTSP_CarPlay_DoS.py,application,RTSP CarPlay DoS,CVE-2023-28898,tcp,EXP_READY,True,True,True,True,False,
pocs/application/12_UPnP_AVTransport_Media_Inject.py,application,UPnP AVTransport Media Inject,CWE-306,unknown,EXP_READY,True,True,True,True,False,
pocs/application/13_Mirror_Hijack.py,application,Mirror Hijack,CWE-306,unknown,EXP_READY,True,True,True,True,False,
pocs/application/14_LGE_Cinemo_MediaInjection.py,application,LGE Cinemo Media Injection,CWE-306,unknown,EXP_READY,True,True,True,True,False,
pocs/application/15_Android_Cleartext_HTTP_Audit.py,application,检测设备app是否允许不安全的明文通信...,CWE-319,android,STATIC_OR_METADATA,False,False,False,False,False,"attack_input,execution_path,observable_result,safety_gate"
pocs/application/16_Android_Debuggable_App_Audit.py,application,检测设备app是否允许不安全的动态调试...,CWE-489,android,STATIC_OR_METADATA,False,False,False,False,False,"attack_input,execution_path,observable_result,safety_gate"
pocs/application/17_Android_AllowBackup_Audit.py,application,检测设备app是否允许不安全的应用数据备份和还原...,CWE-530,android,STATIC_OR_METADATA,False,False,False,False,False,"attack_input,execution_path,observable_result,safety_gate"
pocs/application/18_Android_Install_Ask_Audit.py,application,检测设备是否允许未经警告的第三方app安装...,CWE-284,android,EXP_READY,True,True,True,True,False,
pocs/application/19_Android_StrandHogg_Task_Hijack_Audit.py,application,检测设备app是否存在StrandHogg/Task Hijacking风险（CWE-1021）...,CWE-1021,android,STATIC_OR_METADATA,False,False,True,True,False,"attack_input,execution_path"
pocs/application/20_Android_Exported_Activity_Audit.py,application,检测设备app是否存在不安全的Activity（及 activity-alias）导出（存在暴露风险）...,CWE-926,android,STATIC_OR_METADATA,False,False,False,True,False,"attack_input,execution_path,observable_result"
pocs/application/21_Android_Exported_Service_Audit.py,application,检测设备app是否存在不安全的Service导出（存在暴露风险）...,CWE-926,android,STATIC_OR_METADATA,False,False,False,True,False,"attack_input,execution_path,observable_result"
pocs/application/22_Android_Exported_Provider_Audit.py,application,检测设备app是否存在不安全的ContentProvider导出（存在暴露风险）...,CWE-926,android,STATIC_OR_METADATA,False,False,False,True,False,"attack_input,execution_path,observable_result"
pocs/application/23_Android_Exported_Broadcast_Audit.py,application,检测设备app是否存在不安全的BroadcastReceiver导出（存在暴露风险）...,CWE-926,android,STATIC_OR_METADATA,False,False,False,True,False,"attack_input,execution_path,observable_result"
pocs/application/24_Android_Scheme_URL_Export_Audit.py,application,检测设备app是否存在不安全的URL Scheme导出（存在暴露风险）...,CWE-939,android,STATIC_OR_METADATA,False,False,False,True,False,"attack_input,execution_path,observable_result"
pocs/application/25_LibUPnP_Version_Audit.py,application,检测系统或app是否使用了不安全的libupnp.so库（CVE-2016-8863）...,CVE-2016-8863,upnp,STATIC_OR_METADATA,False,False,False,True,False,"attack_input,execution_path,observable_result"
pocs/application/26_LibAVFormat_Version_Audit.py,application,检测系统或app是否使用了不安全的libavformat.so库-v1（CVE-2016-1897）...,CVE-2016-1897,http,STATIC_OR_METADATA,False,False,False,True,False,"attack_input,execution_path,observable_result"
pocs/application/27_LibAVFormat_Secondary_Version_Audit.py,application,检测系统或app是否使用了不安全的libavformat.so库-v2（CVE-2016-1898）...,CVE-2016-1898,http,STATIC_OR_METADATA,False,False,False,True,False,"attack_input,execution_path,observable_result"
pocs/application/28_LibPNG_Version_Audit.py,application,检测系统或app是否使用了不安全的libpng.so库（CVE-2004-0597）...,CVE-2004-0597,native,STATIC_OR_METADATA,False,False,False,True,False,"attack_input,execution_path,observable_result"
pocs/application/29_OpenSSL_Version_Audit.py,application,检测系统或app是否使用了不安全的openssl（CVE-2016_6309）...,CVE-2016-6309,tls,STATIC_OR_METADATA,False,False,False,True,False,"attack_input,execution_path,observable_result"
pocs/application/30_Android_SDCard_Access_Audit.py,application,检测设备app是否使用了不安全的外部数据存储...,CWE-922,android,PAYLOAD_NOT_EXECUTED,True,False,True,True,False,execution_path
pocs/application/31_Android_WebView_Java_Bridge_Audit.py,application,检测设备app是否使用了不安全的Webview本地Java接口...,CWE-749,android,STATIC_OR_METADATA,False,False,True,True,False,"attack_input,execution_path"
pocs/application/32_Android_WebView_RCE_Surface_Audit.py,application,检测设备app是否使用了不安全的Webview代码加载接口...,CWE-829,android,STATIC_OR_METADATA,False,False,True,True,False,"attack_input,execution_path"
pocs/application/33_Android_WebView_File_Access_Audit.py,application,检测设备app是否使用了不安全的Webview文件访问接口...,CWE-22,android,STATIC_OR_METADATA,False,False,True,True,False,"attack_input,execution_path"
pocs/application/34_Android_OpenFile_ReadWrite_Audit.py,application,检测设备app是否使用了不安全的文件全局可读写访问接口...,CWE-732,android,STATIC_OR_METADATA,False,False,True,True,False,"attack_input,execution_path"
pocs/application/35_Android_OpenFile_Write_Audit.py,application,检测设备app是否使用了不安全的文件全局可写访问接口...,CWE-732,android,STATIC_OR_METADATA,False,False,True,True,False,"attack_input,execution_path"
pocs/application/36_Android_SharedPrefs_Read_Audit.py,application,检测设备app是否使用了不安全的数据库全局可读访问接口...,CWE-732,android,STATIC_OR_METADATA,False,False,True,True,False,"attack_input,execution_path"
pocs/application/37_Android_SharedPrefs_Write_Audit.py,application,检测设备app是否使用了不安全的数据库全局可写访问接口...,CWE-732,android,STATIC_OR_METADATA,False,False,True,True,False,"attack_input,execution_path"
pocs/application/38_Weak_AES_Mode_Audit.py,application,检测设备app是否使用了不安全的加密算法配置（ECB、NO/PKCS5 Padding）...,CWE-327,crypto,STATIC_OR_METADATA,False,False,True,False,False,"attack_input,execution_path,safety_gate"
pocs/application/39_Weak_Randomness_Audit.py,application,检测设备app是否使用了不安全的伪随机数生成...,CWE-338,crypto,STATIC_OR_METADATA,False,False,False,False,False,"attack_input,execution_path,observable_result,safety_gate"
pocs/application/40_BYD_Public_Log_Exposure_Audit.py,application,检测设备是否存在系统日志泄露漏洞（CVE-2024-54728）...,CVE-2024-54728,local,STATIC_OR_METADATA,False,False,False,False,False,"attack_input,execution_path,observable_result,safety_gate"
pocs/application/41_USB_Input_Injection_Audit.py,application,检测设备是否存在USB伪装命令注入漏洞...,CWE-20,usb,PAYLOAD_NOT_EXECUTED,True,False,False,True,False,"execution_path,observable_result"
pocs/application/42_Android_Database_Export_Audit.py,application,检测设备是否存在数据库泄露风险...,CWE-200,android,STATIC_OR_METADATA,False,False,False,True,False,"attack_input,execution_path,observable_result"
pocs/application/43_Android_Syslog_Exposure_Audit.py,application,检测设备是否存在系统日志泄露风险...,CWE-532,local,STATIC_OR_METADATA,False,False,False,False,False,"attack_input,execution_path,observable_result,safety_gate"
pocs/application/44_LibJPEG_Version_Audit.py,application,检测系统或app是否使用了不安全的libjpeg-turbo.so库（CVE-2018-1152）...,CVE-2018-1152,native,STATIC_OR_METADATA,False,False,False,True,False,"attack_input,execution_path,observable_result"
pocs/application/45_Android_WebView_Remote_URL_Audit.py,application,WebView 远程 URL 加载受控检测,CWE-829,android,STATIC_OR_METADATA,False,False,False,False,False,"attack_input,execution_path,observable_result,safety_gate"
pocs/application/46_Android_WebView_JavaScript_Audit.py,application,WebView JavaScript 启用风险检测,CWE-749,android,STATIC_OR_METADATA,False,False,False,False,False,"attack_input,execution_path,observable_result,safety_gate"
pocs/application/47_Android_WebView_Mixed_Content_Audit.py,application,WebView MixedContent 兼容模式检测,CWE-319,android,STATIC_OR_METADATA,False,False,False,False,False,"attack_input,execution_path,observable_result,safety_gate"
pocs/application/48_Android_SQLite_Plaintext_Audit.py,application,SQLite 明文敏感数据存储检测,CWE-312,android,STATIC_OR_METADATA,False,False,False,False,False,"attack_input,execution_path,observable_result,safety_gate"
pocs/application/49_Android_SQLite_Injection_Pattern_Audit.py,application,SQL 拼接注入风险模式检测,CWE-89,android,PAYLOAD_NOT_EXECUTED,True,False,False,False,False,"execution_path,observable_result,safety_gate"
pocs/application/50_Android_Sensitive_File_Storage_Audit.py,application,应用本地敏感文件存储检测,CWE-922,android,STATIC_OR_METADATA,False,False,False,False,False,"attack_input,execution_path,observable_result,safety_gate"
pocs/application/51_Android_Activity_Intent_Filter_Audit.py,application,Exported Activity Intent-Filter 风险检测,CWE-926,android,STATIC_OR_METADATA,False,False,False,False,False,"attack_input,execution_path,observable_result,safety_gate"
pocs/application/52_Android_Service_Permission_Audit.py,application,Exported Service 缺少权限保护检测,CWE-926,android,STATIC_OR_METADATA,False,False,False,False,False,"attack_input,execution_path,observable_result,safety_gate"
pocs/application/53_Android_Receiver_Permission_Audit.py,application,Exported Receiver 缺少权限保护检测,CWE-926,android,STATIC_OR_METADATA,False,False,False,False,False,"attack_input,execution_path,observable_result,safety_gate"
pocs/application/54_Android_Provider_URI_Grant_Audit.py,application,Provider 导出与 grantUriPermissions 风险检测,CWE-926,android,STATIC_OR_METADATA,False,False,False,False,False,"attack_input,execution_path,observable_result,safety_gate"
pocs/application/55_Android_Sensitive_Debug_Log_Audit.py,application,调试日志敏感信息泄露检测,CWE-532,android,STATIC_OR_METADATA,False,False,False,False,False,"attack_input,execution_path,observable_result,safety_gate"
pocs/application/56_Android_Hardcoded_Debug_Endpoint_Audit.py,application,硬编码调试接口与测试域名检测,CWE-489,android,STATIC_OR_METADATA,False,False,False,False,False,"attack_input,execution_path,observable_result,safety_gate"
pocs/application/57_Weak_Crypto_ECB_Audit.py,application,弱加密 ECB/静态 IV 使用检测,CWE-327,crypto,STATIC_OR_METADATA,False,False,False,False,False,"attack_input,execution_path,observable_result,safety_gate"
pocs/application/58_Weak_Random_Seed_Audit.py,application,伪随机数固定种子风险检测,CWE-337,crypto,STATIC_OR_METADATA,False,False,False,False,False,"attack_input,execution_path,observable_result,safety_gate"
pocs/application/59_AirPlay_SDK_Memory_Corruption_Audit.py,application,CVE-2024-23204 内存破坏/协议缺陷 Active Validation,CVE-2024-23204,airplay,EXP_READY,True,True,True,True,False,
pocs/application/60_AirPlay_SDK_Access_Control_Audit.py,application,CVE-2024-23205 认证/访问控制缺陷 Active Validation,CVE-2024-23205,airplay,EXP_READY,True,True,True,True,False,
pocs/application/61_AirPlay_SDK_AirBorne_Exposure_Audit.py,application,CVE-2025-24132 AirBorne系列漏洞 Active Validation,CVE-2025-24132,airplay,EXP_READY,True,True,True,True,False,
pocs/application/63_AirPlay_SDK_AirBorne_Exposure_Audit.py,application,CVE-2025-24271 AirBorne系列漏洞 Active Validation,CVE-2025-24271,airplay,EXP_READY,True,True,True,True,False,
pocs/application/64_LibWebP_Decoder_Heap_Overflow_RCE_Audit.py,application,CVE-2023-4863 堆溢出/RCE Active Validation,CVE-2023-4863,http,EXP_READY,True,True,True,True,False,
pocs/application/65_Chromium_CSSFontFeatureValuesMap_UAF_Audit.py,application,Chromium CSSFontFeatureValuesMap UAF Active Validation,CVE-2026-2441,local,EXP_READY,True,True,True,True,False,
pocs/application/66_FFmpeg_MagicYUV_Heap_OOB_RCE_Audit.py,application,FFmpeg MagicYUV Heap OOB RCE Active Validation,CVE-2026-8461,local,EXP_READY,True,True,True,True,False,
pocs/canbus/01_CAN_Bus_Sniff.py,canbus,CAN Bus Sniff,CWE-200,can,STATIC_OR_METADATA,False,False,True,False,False,"attack_input,execution_path,safety_gate"
pocs/canbus/02_CAN_Message_Injection.py,canbus,CAN Message Injection,CWE-306,can,EXP_READY,True,True,True,True,False,
pocs/canbus/03_CAN_DoS_Flood.py,canbus,CAN DoS Flood,CWE-400,can,PROBE_ONLY,False,True,True,False,False,"attack_input,safety_gate"
pocs/canbus/04_CAN_Replay_Attack.py,canbus,CAN Replay Attack,CWE-294,can,EXP_READY,True,True,True,True,False,
pocs/canbus/05_UDS_DiagSession_Bypass.py,canbus,UDS Diagnostic Session Bypass,CWE-306,can,PROBE_ONLY,False,True,True,False,False,"attack_input,safety_gate"
pocs/canbus/06_UDS_Security_Access_Brute.py,canbus,UDS Security Access Brute,CWE-307,can,PROBE_ONLY,False,True,True,False,False,"attack_input,safety_gate"
pocs/canbus/07_UDS_ReadMemory.py,canbus,UDS ReadMemory,CWE-200,can,PROBE_ONLY,False,True,True,False,False,"attack_input,safety_gate"
pocs/canbus/08_UDS_RoutineControl.py,canbus,UDS RoutineControl,CWE-306,can,PROBE_ONLY,False,True,True,False,False,"attack_input,safety_gate"
pocs/canbus/09_OBD_VIN_Spoof.py,canbus,OBD VIN Spoof,CWE-345,can,PROBE_ONLY,False,True,True,False,False,"attack_input,safety_gate"
pocs/canbus/10_UDS_ECU_Reset_Unauth.py,canbus,UDS ECU Reset Unauthenticated,CWE-306,can,EXP_READY,True,True,True,True,False,
pocs/canbus/11_BYD_CAN_Traffic_Hijack_Audit.py,canbus,检测设备是否存在CAN流量劫持漏洞（CVE-2025-28169）...,CVE-2025-28169,can,STATIC_OR_METADATA,False,False,True,False,False,"attack_input,execution_path,safety_gate"
pocs/canbus/12_DoIP_Entity_Status_Audit.py,canbus,DoIP Entity Status 安全探测,CWE-200,doip,STATIC_OR_METADATA,False,False,False,True,False,"attack_input,execution_path,observable_result"
pocs/canbus/13_DoIP_Routing_Activation_Audit.py,canbus,DoIP Routing Activation 前置条件检测,CWE-306,doip,PROBE_ONLY,False,True,False,True,False,"attack_input,observable_result"
pocs/canbus/14_CAN_Log_Replay_Safety_Audit.py,canbus,CAN 重放日志安全 Lint,CWE-294,can,PAYLOAD_NOT_EXECUTED,True,False,True,False,False,"execution_path,safety_gate"
pocs/canbus/15_UDS_Negative_Response_Audit.py,canbus,UDS 负响应与安全访问日志检测,CWE-209,uds,STATIC_OR_METADATA,False,False,False,False,False,"attack_input,execution_path,observable_result,safety_gate"
pocs/canbus/16_Nissan_Bosch_CAN_Weak_Random_Auth_Bypass_Audit.py,canbus,CVE-2025-32056 弱随机/认证绕过 Active Validation,CVE-2025-32056,can,STATIC_OR_METADATA,False,False,False,False,False,"attack_input,execution_path,observable_result,safety_gate"
pocs/canbus/17_Nissan_Bosch_INC_Stack_Overflow_RCE_Audit.py,canbus,CVE-2025-32058 栈溢出/RCE Active Validation,CVE-2025-32058,can,PAYLOAD_NOT_EXECUTED,True,False,False,False,False,"execution_path,observable_result,safety_gate"
pocs/network/01_USB_ADB_Debug.py,network,USB ADB Debug Interface Detection,CWE-489,usb,STATIC_OR_METADATA,False,False,True,False,False,"attack_input,execution_path,safety_gate"
pocs/network/02_ADB_Debug_Port.py,network,Network ADB Debug Port Detection,CVE-2018-6242,tcp,EXP_READY,True,True,True,True,False,
pocs/network/03_SSH_Service.py,network,SSH Service,CWE-200,tcp,STATIC_OR_METADATA,False,False,True,False,False,"attack_input,execution_path,safety_gate"
pocs/network/04_SSH_Weak_Creds.py,network,SSH Weak Creds,CWE-521,tcp,STATIC_OR_METADATA,False,False,True,False,False,"attack_input,execution_path,safety_gate"
pocs/network/05_SSH_Hardcoded_Creds.py,network,SSH Hardcoded Creds,CWE-798,tcp,STATIC_OR_METADATA,False,False,True,False,False,"attack_input,execution_path,safety_gate"
pocs/network/06_Telnet_Service.py,network,Telnet Service,CWE-319,tcp,STATIC_OR_METADATA,False,False,True,False,False,"attack_input,execution_path,safety_gate"
pocs/network/07_Telnet_Weak_Creds.py,network,Telnet Weak Creds,CWE-521,tcp,PROBE_ONLY,False,True,True,False,False,"attack_input,safety_gate"
pocs/network/08_FTP_Anonymous.py,network,FTP Anonymous,CWE-306,tcp,STATIC_OR_METADATA,False,False,True,False,False,"attack_input,execution_path,safety_gate"
pocs/network/09_MQTT_Unauth.py,network,MQTT Unauth,CWE-306,tcp,PAYLOAD_NOT_EXECUTED,True,False,True,False,False,"execution_path,safety_gate"
pocs/network/10_DBus_Anon_Auth.py,network,DBus Anon Auth,CVE-2015-5611,tcp,STATIC_OR_METADATA,False,False,True,False,False,"attack_input,execution_path,safety_gate"
pocs/network/11_RTSP_Log_Leak.py,network,RTSP Log Leak,CWE-200,rtsp,PROBE_ONLY,False,True,True,True,False,attack_input
pocs/network/12_DLNA_AVTransport_Unauth.py,network,DLNA AVTransport Unauth,CWE-306,tcp,PROBE_ONLY,False,True,True,False,False,"attack_input,safety_gate"
pocs/network/13_HTTPS_No_Cert_Pin.py,network,HTTPS No Cert Pin,CWE-295,tcp,STATIC_OR_METADATA,False,False,True,False,False,"attack_input,execution_path,safety_gate"
pocs/network/14_SOMEIP_Service_Discovery.py,network,SOMEIP Service Discovery,CWE-200,tcp,PAYLOAD_NOT_EXECUTED,True,False,True,False,False,"execution_path,safety_gate"
pocs/network/15_Dynamic_Unknown_Service_Probe.py,network,Dynamic Unknown Service Probe,CWE-200,tcp,STATIC_OR_METADATA,False,False,True,True,False,"attack_input,execution_path"
pocs/network/17_Nissan_Redbend_OTA_Certificate_Validation_Audit.py,network,CVE-2025-32057 证书校验缺失 Active Validation,CVE-2025-32057,can,STATIC_OR_METADATA,False,False,False,False,False,"attack_input,execution_path,observable_result,safety_gate"
pocs/network/21_Nissan_Bosch_IVI_Stack_Overflow_RCE_Audit.py,network,CVE-2025-32061 栈溢出/RCE Active Validation,CVE-2025-32061,can,PAYLOAD_NOT_EXECUTED,True,False,False,False,False,"execution_path,observable_result,safety_gate"
pocs/network/22_Nissan_Bosch_IVI_Access_Control_Audit.py,network,CVE-2025-32062 访问控制缺陷 Active Validation,CVE-2025-32062,can,PAYLOAD_NOT_EXECUTED,True,False,False,False,False,"execution_path,observable_result,safety_gate"
pocs/network/24_KIA_Keyless_Fixed_Code_Replay_Audit.py,network,CVE-2025-6029 固定学习码/重放 Active Validation,CVE-2025-6029,rf,PAYLOAD_NOT_EXECUTED,True,False,True,False,False,"execution_path,safety_gate"
pocs/network/25_Cyclone_Keyless_Fixed_Code_Replay_Audit.py,network,CVE-2025-6030 固定学习码/重放 Active Validation,CVE-2025-6030,rf,PAYLOAD_NOT_EXECUTED,True,False,False,False,False,"execution_path,observable_result,safety_gate"
pocs/network/26_Tesla_Model3_Physical_Access_Injection_Audit.py,network,CVE-2025-6785 注入/物理访问控制不足 Active Validation,CVE-2025-6785,tcp,PAYLOAD_NOT_EXECUTED,True,False,True,False,False,"execution_path,safety_gate"
pocs/network/27_BYD_DiLink_Log_Crypto_Bypass_Audit.py,network,CVE-2025-7020 加密实现错误 Active Validation,CVE-2025-7020,tcp,STATIC_OR_METADATA,False,False,True,False,False,"attack_input,execution_path,safety_gate"
pocs/network/28_Sony_XAV_AX5500_Firmware_Update_Verification_Audit.py,network,CVE-2024-23922 更新包校验不足/RCE Active Validation,CVE-2024-23922,ocpp,STATIC_OR_METADATA,False,False,False,False,False,"attack_input,execution_path,observable_result,safety_gate"
pocs/network/29_Sony_XAV_AX5500_WMV_ASF_Stack_Overflow_RCE_Audit.py,network,CVE-2024-23934 栈溢出/RCE Active Validation,CVE-2024-23934,ocpp,PAYLOAD_NOT_EXECUTED,True,False,False,False,False,"execution_path,observable_result,safety_gate"
pocs/network/30_Sony_XAV_AX5500_USB_Media_RCE_Audit.py,network,CVE-2024-23935 内存破坏/RCE Active Validation,CVE-2024-23935,ocpp,PAYLOAD_NOT_EXECUTED,True,False,False,False,False,"execution_path,observable_result,safety_gate"
pocs/network/31_Autel_MaxiCharger_Heartbeat_Stack_Overflow_RCE_Audit.py,network,CVE-2024-23957 栈溢出/RCE Active Validation,CVE-2024-23957,ocpp,PAYLOAD_NOT_EXECUTED,True,False,False,False,False,"execution_path,observable_result,safety_gate"
pocs/network/32_Alpine_Halo9_Firmware_Signature_Verification_Audit.py,network,CVE-2024-23960 签名校验不当 Active Validation,CVE-2024-23960,ocpp,STATIC_OR_METADATA,False,False,False,False,False,"attack_input,execution_path,observable_result,safety_gate"
pocs/network/33_Alpine_Halo9_Input_Validation_Audit.py,network,CVE-2024-23967 输入校验或内存破坏 Active Validation,CVE-2024-23967,ocpp,PAYLOAD_NOT_EXECUTED,True,False,False,False,False,"execution_path,observable_result,safety_gate"
pocs/network/34_Sony_XAV_AX5500_USB_Descriptor_Stack_Overflow_RCE_Audit.py,network,CVE-2024-23972 栈溢出/RCE Active Validation,CVE-2024-23972,ocpp,PAYLOAD_NOT_EXECUTED,True,False,False,False,False,"execution_path,observable_result,safety_gate"
pocs/network/35_Automotive_Component_Access_Control_Input_Validation_Audit.py,network,CVE-2024-1633 访问控制/输入校验 Active Validation,CVE-2024-1633,ocpp,PAYLOAD_NOT_EXECUTED,True,False,False,False,False,"execution_path,observable_result,safety_gate"
pocs/network/36_Automotive_Component_Memory_Config_Exposure_Audit.py,network,CVE-2024-5684 内存安全/配置问题 Active Validation,CVE-2024-5684,ocpp,STATIC_OR_METADATA,False,False,False,False,False,"attack_input,execution_path,observable_result,safety_gate"
pocs/network/37_Maruti_SmartPlay_Default_Credentials_Audit.py,network,CVE-2024-6245 默认凭据 Active Validation,CVE-2024-6245,https,STATIC_OR_METADATA,False,False,False,False,False,"attack_input,execution_path,observable_result,safety_gate"
pocs/network/38_Automotive_Component_Input_Validation_Access_Control_Audit.py,network,CVE-2024-6287 输入校验/访问控制 Active Validation,CVE-2024-6287,ocpp,STATIC_OR_METADATA,False,False,False,False,False,"attack_input,execution_path,observable_result,safety_gate"
pocs/network/39_Automotive_Backend_Missing_Auth_Authorization_Audit.py,network,CVE-2024-6347 缺少认证/授权不当 Active Validation,CVE-2024-6347,ocpp,STATIC_OR_METADATA,False,False,True,False,False,"attack_input,execution_path,safety_gate"
pocs/network/40_Renesas_RCar_Secure_Boot_Buffer_Copy_OOB_Audit.py,network,CVE-2024-6563 缓冲区拷贝越界 Active Validation,CVE-2024-6563,ocpp,PAYLOAD_NOT_EXECUTED,True,False,True,False,False,"execution_path,safety_gate"
pocs/network/41_Renesas_RCar_Secure_Boot_Bypass_Audit.py,network,CVE-2024-6564 缓冲区溢出/安全启动绕过 Active Validation,CVE-2024-6564,ocpp,PAYLOAD_NOT_EXECUTED,True,False,True,False,False,"execution_path,safety_gate"
pocs/network/42_Automotive_Component_Input_Validation_Auth_Audit.py,network,CVE-2024-7746 输入校验/认证缺陷 Active Validation,CVE-2024-7746,ocpp,STATIC_OR_METADATA,False,False,True,False,False,"attack_input,execution_path,safety_gate"
pocs/network/43_Maruti_SmartPlay_Access_Control_Info_Leak_Audit.py,network,CVE-2024-39339 访问控制/信息泄露 Active Validation,CVE-2024-39339,https,STATIC_OR_METADATA,False,False,True,False,False,"attack_input,execution_path,safety_gate"
pocs/network/44_VW_ID3_REST_API_DoS_Command_Spoofing_Audit.py,network,CVE-2023-6073 DoS/命令伪造 Active Validation,CVE-2023-6073,ocpp,STATIC_OR_METADATA,False,False,True,False,False,"attack_input,execution_path,safety_gate"
pocs/network/45_Automotive_Backend_Hardcoded_Credentials_Audit.py,network,CVE-2023-28895 硬编码凭据 Active Validation,CVE-2023-28895,ocpp,STATIC_OR_METADATA,False,False,False,False,False,"attack_input,execution_path,observable_result,safety_gate"
pocs/network/46_Skoda_Connect_VIN_User_Info_Leak_Audit.py,network,CVE-2023-28900 越权/信息泄露 Active Validation,CVE-2023-28900,ocpp,STATIC_OR_METADATA,False,False,False,False,False,"attack_input,execution_path,observable_result,safety_gate"
pocs/network/47_VW_MIB3_Input_Validation_DoS_Audit.py,network,CVE-2023-28903 输入校验/DoS Active Validation,CVE-2023-28903,https,PAYLOAD_NOT_EXECUTED,True,False,False,False,False,"execution_path,observable_result,safety_gate"
pocs/network/48_VW_MIB3_Integer_Overflow_Audit.py,network,CVE-2023-28908 整数溢出 Active Validation,CVE-2023-28908,https,PAYLOAD_NOT_EXECUTED,True,False,False,False,False,"execution_path,observable_result,safety_gate"
pocs/network/49_VW_MIB3_Access_Control_Auth_Audit.py,network,CVE-2023-28910 访问控制/认证缺陷 Active Validation,CVE-2023-28910,https,STATIC_OR_METADATA,False,False,False,False,False,"attack_input,execution_path,observable_result,safety_gate"
pocs/network/50_VW_MIB3_Input_Validation_DoS_Audit.py,network,CVE-2023-28911 输入校验/DoS Active Validation,CVE-2023-28911,https,STATIC_OR_METADATA,False,False,False,False,False,"attack_input,execution_path,observable_result,safety_gate"
pocs/network/51_Enel_Waybox_PHP_Auth_Bypass_Audit.py,network,CVE-2023-29126 PHP类型混淆/认证绕过 Active Validation,CVE-2023-29126,ocpp,STATIC_OR_METADATA,False,False,True,False,False,"attack_input,execution_path,safety_gate"
pocs/network/52_QNX_Network_Stack_Input_Validation_DoS_Info_Leak_Audit.py,network,CVE-2023-32701 输入校验/信息泄露或DoS Active Validation,CVE-2023-32701,ocpp,STATIC_OR_METADATA,False,False,True,False,False,"attack_input,execution_path,safety_gate"
pocs/network/53_OpenSSL_C_Rehash_Command_Injection_Audit.py,network,CVE-2022-1292 命令注入 Active Validation,CVE-2022-1292,tls,PAYLOAD_NOT_EXECUTED,True,False,False,False,False,"execution_path,observable_result,safety_gate"
pocs/network/54_OpenSSL_AES_OCB_Crypto_Implementation_Audit.py,network,CVE-2022-2068 数据加密实现错误 Active Validation,CVE-2022-2068,tls,PAYLOAD_NOT_EXECUTED,True,False,False,False,False,"execution_path,observable_result,safety_gate"
pocs/network/55_Zlib_Inflate_Integer_Overflow_Audit.py,network,CVE-2022-37434 整数溢出/内存破坏 Active Validation,CVE-2022-37434,https,PAYLOAD_NOT_EXECUTED,True,False,True,False,False,"execution_path,safety_gate"
pocs/network/56_Go_HTTP_Client_Resource_Exhaustion_DoS_Audit.py,network,CVE-2023-29406 资源消耗/DoS Active Validation,CVE-2023-29406,http,PAYLOAD_NOT_EXECUTED,True,False,False,False,False,"execution_path,observable_result,safety_gate"
pocs/network/57_OpenSSL_X509_Name_Check_DoS_Audit.py,network,CVE-2024-6119 DoS/验证问题 Active Validation,CVE-2024-6119,tls,STATIC_OR_METADATA,False,False,True,False,False,"attack_input,execution_path,safety_gate"
pocs/network/58_OpenSSL_Next_Proto_Buffer_OOB_Audit.py,network,CVE-2024-5535 缓冲区越界 Active Validation,CVE-2024-5535,tls,STATIC_OR_METADATA,False,False,True,False,False,"attack_input,execution_path,safety_gate"
pocs/network/59_OpenSSL_TLS_Handshake_DoS_Audit.py,network,CVE-2024-4741 内存使用/DoS Active Validation,CVE-2024-4741,tls,STATIC_OR_METADATA,False,False,True,False,False,"attack_input,execution_path,safety_gate"
pocs/network/60_OpenSSL_TLS_DTLS_DoS_Audit.py,network,CVE-2024-2511 DoS Active Validation,CVE-2024-2511,tls,PAYLOAD_NOT_EXECUTED,True,False,False,False,False,"execution_path,observable_result,safety_gate"
pocs/network/61_OpenSSL_PKCS12_DoS_Audit.py,network,CVE-2024-0727 DoS Active Validation,CVE-2024-0727,https,STATIC_OR_METADATA,False,False,True,False,False,"attack_input,execution_path,safety_gate"
pocs/network/62_Redis_Restore_Heap_Memory_RCE_Audit.py,network,Redis RESTORE Heap Memory RCE Audit,CVE-2026-25243,redis,EXP_READY,True,True,True,True,False,
pocs/network/63_Valkey_RESP_PreAuth_DoS_Audit.py,network,Valkey RESP Pre-Auth DoS Audit,CVE-2026-27623,redis,EXP_READY,True,True,True,True,False,
pocs/network/64_NGINX_Rift_Rewrite_Heap_Overflow_Audit.py,network,NGINX Rift Rewrite Heap Overflow Audit,CVE-2026-42945,http,EXP_READY,True,True,True,True,False,
pocs/network/65_HTTP2_HPACK_Bomb_DoS_Audit.py,network,HTTP2 HPACK Bomb DoS Audit,CVE-2026-49975,http2,STATIC_OR_METADATA,False,False,False,True,False,"attack_input,execution_path,observable_result"
pocs/network/66_Nezha_Dashboard_Path_Traversal_JWT_Audit.py,network,Nezha Dashboard Path Traversal JWT Audit,CVE-2026-53519,http,PAYLOAD_NOT_EXECUTED,True,False,True,True,False,execution_path
pocs/network/67_LiteLLM_Key_Generation_Privilege_Escalation_Audit.py,network,LiteLLM Key Generation Privilege Escalation Audit,CVE-2026-47101,http,STATIC_OR_METADATA,False,False,False,True,False,"attack_input,execution_path,observable_result"
pocs/reconnaissance/01_ICMP_Host_Discovery.py,reconnaissance,ICMP Host Discovery,CWE-200,unknown,RECON_NOT_EXP,False,True,True,False,True,attack_input
pocs/reconnaissance/02_TCP_Port_Scan.py,reconnaissance,TCP Port Scan,CWE-200,unknown,RECON_NOT_EXP,False,False,True,False,True,"attack_input,execution_path"
pocs/reconnaissance/03_mDNS_Service_Discovery.py,reconnaissance,mDNS Service Discovery,CWE-200,unknown,RECON_NOT_EXP,False,False,True,False,True,"attack_input,execution_path"
pocs/reconnaissance/04_UPnP_SSDP_Discovery.py,reconnaissance,UPnP SSDP Discovery,CWE-200,unknown,RECON_NOT_EXP,False,False,True,False,True,"attack_input,execution_path"
pocs/reconnaissance/05_SNMP_Info_Leak.py,reconnaissance,SNMP Info Leak,CWE-798,unknown,RECON_NOT_EXP,False,False,True,False,True,"attack_input,execution_path"
pocs/reconnaissance/06_BT_SDP_Enum.py,reconnaissance,BT SDP Enum,CWE-200,unknown,RECON_NOT_EXP,False,True,True,False,True,attack_input
pocs/reconnaissance/07_TBox_Port_Scan.py,reconnaissance,TBox Port Scan,CWE-200,unknown,RECON_NOT_EXP,False,False,True,False,True,"attack_input,execution_path"
pocs/reconnaissance/08_HTTP_Service_Enum.py,reconnaissance,HTTP Service Enum,CWE-200,unknown,RECON_NOT_EXP,False,False,True,False,True,"attack_input,execution_path"
pocs/wireless/01_QNX_Qnet_File_Read.py,wireless,QNX Qnet File Read,CVE-2017-3891,rf,PROBE_ONLY,False,True,True,False,False,"attack_input,safety_gate"
pocs/wireless/02_WiFi_Deauth.py,wireless,WiFi Deauth,CWE-345,wifi,STATIC_OR_METADATA,False,False,True,False,False,"attack_input,execution_path,safety_gate"
pocs/wireless/03_WiFi_Evil_Twin.py,wireless,WiFi Evil Twin,CWE-300,wifi,PAYLOAD_NOT_EXECUTED,True,False,True,False,False,"execution_path,safety_gate"
pocs/wireless/04_WiFi_KRACK.py,wireless,WiFi KRACK,CVE-2017-13077,wifi,STATIC_OR_METADATA,False,False,True,False,False,"attack_input,execution_path,safety_gate"
pocs/wireless/05_WiFi_TI_WL18xx_Overflow.py,wireless,WiFi TI WL18xx Overflow,CVE-2023-29468,wifi,PAYLOAD_NOT_EXECUTED,True,False,True,False,False,"execution_path,safety_gate"
pocs/wireless/06_ConnMan_DHCP_Overflow.py,wireless,ConnMan DHCP Overflow,CVE-2021-26675,wifi,PAYLOAD_NOT_EXECUTED,True,False,True,False,False,"execution_path,safety_gate"
pocs/wireless/07_Broadcom_WME_Overflow.py,wireless,Broadcom WME Overflow,CVE-2017-9417,wifi,PAYLOAD_NOT_EXECUTED,True,False,True,False,False,"execution_path,safety_gate"
pocs/wireless/08_WiFi_Unauth_Vehicle_Ctrl.py,wireless,WiFi Unauth Vehicle Ctrl,CWE-306,wifi,PROBE_ONLY,False,True,True,False,False,"attack_input,safety_gate"
pocs/wireless/09_BT_HFP_AT_Overflow.py,wireless,BT HFP AT Overflow,CVE-2025-32059,bluetooth,PAYLOAD_NOT_EXECUTED,True,False,True,False,False,"execution_path,safety_gate"
pocs/wireless/10_BT_BLUFFS_Key_Downgrade.py,wireless,BT BLUFFS Key Downgrade,CVE-2023-24023,bluetooth,STATIC_OR_METADATA,False,False,True,False,False,"attack_input,execution_path,safety_gate"
pocs/wireless/11_BT_PerfektBlue_L2CAP.py,wireless,BT PerfektBlue L2CAP,CVE-2024-45431,bluetooth,STATIC_OR_METADATA,False,False,True,False,False,"attack_input,execution_path,safety_gate"
pocs/wireless/12_BT_PerfektBlue_RFCOMM.py,wireless,BT PerfektBlue RFCOMM,CVE-2024-45432,bluetooth,PAYLOAD_NOT_EXECUTED,True,False,True,False,False,"execution_path,safety_gate"
pocs/wireless/13_BT_HFP_UAF.py,wireless,BT HFP UAF,CVE-2025-0084,bluetooth,PAYLOAD_NOT_EXECUTED,True,False,True,False,False,"execution_path,safety_gate"
pocs/wireless/15_BlueBorne_BNEP_Overflow.py,wireless,BlueBorne BNEP Overflow,CVE-2017-0781,bluetooth,PAYLOAD_NOT_EXECUTED,True,False,True,False,False,"execution_path,safety_gate"
pocs/wireless/16_BleedingTooth_L2CAP.py,wireless,BleedingTooth L2CAP,CVE-2020-12351,bluetooth,PAYLOAD_NOT_EXECUTED,True,False,True,False,False,"execution_path,safety_gate"
pocs/wireless/17_BT_CVE_2020_0022_DoS.py,wireless,BT CVE 2020 0022 DoS,CVE-2020-0022,bluetooth,PAYLOAD_NOT_EXECUTED,True,False,True,False,False,"execution_path,safety_gate"
pocs/wireless/18_WiFi_SSID_Clone_AutoConnect.py,wireless,WiFi SSID Clone AutoConnect,CWE-345,wifi,EXP_READY,True,True,True,True,False,
pocs/wireless/19_WiFi_PEAP_Auth_Bypass_Audit.py,wireless,WiFi PEAP Auth Bypass Audit,CVE-2023-52160,wifi,STATIC_OR_METADATA,False,False,True,False,False,"attack_input,execution_path,safety_gate"
pocs/wireless/20_WiFi_FragAttacks_Kernel_Audit.py,wireless,WiFi FragAttacks Kernel Audit,"CVE-2020-24586,CVE-2020-24587,CVE-2020-24588",wifi,STATIC_OR_METADATA,False,False,True,False,False,"attack_input,execution_path,safety_gate"
pocs/wireless/21_WiFi_KR00K_Chipset_Audit.py,wireless,WiFi KR00K Chipset Audit,CVE-2019-15126,wifi,STATIC_OR_METADATA,False,False,True,False,False,"attack_input,execution_path,safety_gate"
pocs/wireless/22_BT_KNOB_Key_Length_Audit.py,wireless,BT KNOB Key Length Audit,CVE-2019-9506,bluetooth,STATIC_OR_METADATA,False,False,True,False,False,"attack_input,execution_path,safety_gate"
pocs/wireless/23_BT_BLURtooth_CTKD_Audit.py,wireless,BT BLURtooth CTKD Audit,CVE-2020-15802,bluetooth,STATIC_OR_METADATA,False,False,True,False,False,"attack_input,execution_path,safety_gate"
pocs/wireless/24_BT_BlueZ_HID_Access_Audit.py,wireless,BT BlueZ HID Access Audit,"CVE-2023-45866,CVE-2024-8805",bluetooth,STATIC_OR_METADATA,False,False,True,False,False,"attack_input,execution_path,safety_gate"
pocs/wireless/25_WiFi_SAE_Cache_Side_Channel_Audit.py,wireless,WiFi SAE Cache Side Channel Audit,CVE-2022-23303,wifi,STATIC_OR_METADATA,False,False,True,False,False,"attack_input,execution_path,safety_gate"
pocs/wireless/26_WiFi_Broadcom_Firmware_RCE_Audit.py,wireless,WiFi Broadcom Firmware RCE Audit,CVE-2017-0561,wifi,STATIC_OR_METADATA,False,False,True,True,False,"attack_input,execution_path"
pocs/wireless/27_WiFi_EAP_PWD_Cache_Audit.py,wireless,WiFi EAP PWD Cache Audit,CVE-2019-9495,wifi,STATIC_OR_METADATA,False,False,True,False,False,"attack_input,execution_path,safety_gate"
pocs/wireless/28_WiFi_EAP_PWD_Auth_Bypass_Audit.py,wireless,WiFi EAP PWD Auth Bypass Audit,CVE-2019-9497,wifi,STATIC_OR_METADATA,False,False,True,False,False,"attack_input,execution_path,safety_gate"
pocs/wireless/29_WiFi_EAP_PWD_Client_Takeover_Audit.py,wireless,WiFi EAP PWD Client Takeover Audit,CVE-2019-9499,wifi,STATIC_OR_METADATA,False,False,True,True,False,"attack_input,execution_path"
pocs/wireless/30_BT_Android_L2CAP_UAF_RCE_Audit.py,wireless,BT Android L2CAP UAF RCE Audit,CVE-2021-0475,bluetooth,STATIC_OR_METADATA,False,False,True,True,False,"attack_input,execution_path"
pocs/wireless/31_BT_Android_BLE_L2CAP_OOB_RCE_Audit.py,wireless,BT Android BLE L2CAP OOB RCE Audit,CVE-2022-20345,bluetooth,STATIC_OR_METADATA,False,False,True,True,False,"attack_input,execution_path"
pocs/wireless/32_BT_Android_AVDTP_OOB_RCE_Audit.py,wireless,BT Android AVDTP OOB RCE Audit,CVE-2022-20411,bluetooth,STATIC_OR_METADATA,False,False,True,True,False,"attack_input,execution_path"
pocs/wireless/33_BT_Android_HFP_SDP_UAF_RCE_Audit.py,wireless,BT Android HFP SDP UAF RCE Audit,CVE-2023-21108,bluetooth,STATIC_OR_METADATA,False,False,True,True,False,"attack_input,execution_path"
pocs/wireless/34_BT_BlueZ_PBAP_Heap_RCE_Audit.py,wireless,BT BlueZ PBAP Heap RCE Audit,CVE-2023-50230,bluetooth,PAYLOAD_NOT_EXECUTED,True,False,True,True,False,execution_path
pocs/wireless/35_Micca_KE700_RF_Plaintext_Credential_Leak_Audit.py,wireless,CVE-2026-2539 协议明文/认证材料泄露 Active Validation,CVE-2026-2539,rf,STATIC_OR_METADATA,False,False,True,False,False,"attack_input,execution_path,safety_gate"
pocs/wireless/36_Micca_KE700_RF_Auth_Bypass_Replay_Audit.py,wireless,CVE-2026-2540 认证绕过/重放 Active Validation,CVE-2026-2540,rf,PAYLOAD_NOT_EXECUTED,True,False,True,False,False,"execution_path,safety_gate"
pocs/wireless/37_Micca_KE700_RF_Low_Entropy_Audit.py,wireless,CVE-2026-2541 熵不足 Active Validation,CVE-2026-2541,rf,STATIC_OR_METADATA,False,False,True,False,False,"attack_input,execution_path,safety_gate"
pocs/wireless/38_RKES_Protocol_State_Machine_Audit.py,wireless,CVE-2026-49318 协议状态机缺陷 Active Validation,CVE-2026-49318,rf,STATIC_OR_METADATA,False,False,False,False,False,"attack_input,execution_path,observable_result,safety_gate"
pocs/wireless/39_Suzuki_Swift_RKES_Replay_Audit.py,wireless,CVE-2026-49319 重放攻击 Active Validation,CVE-2026-49319,rf,PAYLOAD_NOT_EXECUTED,True,False,True,False,False,"execution_path,safety_gate"
pocs/wireless/40_RKES_Weak_Crypto_Replay_Audit.py,wireless,CVE-2026-49322 弱加密/重放 Active Validation,CVE-2026-49322,rf,STATIC_OR_METADATA,False,False,False,False,False,"attack_input,execution_path,observable_result,safety_gate"
pocs/wireless/41_RKES_Auth_Rate_Limit_Audit.py,wireless,CVE-2026-49324 认证节流不足 Active Validation,CVE-2026-49324,rf,PAYLOAD_NOT_EXECUTED,True,False,True,False,False,"execution_path,safety_gate"
pocs/wireless/42_Sony_XAV_AX8500_BT_Integer_Overflow_RCE_Audit.py,wireless,CVE-2025-5475 Bluetooth整数溢出/RCE Active Validation,CVE-2025-5475,bluetooth,PAYLOAD_NOT_EXECUTED,True,False,True,False,False,"execution_path,safety_gate"
pocs/wireless/43_Sony_XAV_AX8500_BT_Auth_Bypass_Audit.py,wireless,CVE-2025-5476 Bluetooth认证绕过 Active Validation,CVE-2025-5476,bluetooth,STATIC_OR_METADATA,False,False,False,False,False,"attack_input,execution_path,observable_result,safety_gate"
pocs/wireless/44_Sony_XAV_AX8500_BT_L2CAP_Heap_Overflow_RCE_Audit.py,wireless,CVE-2025-5477 Bluetooth L2CAP堆溢出/RCE Active Validation,CVE-2025-5477,bluetooth,PAYLOAD_NOT_EXECUTED,True,False,True,False,False,"execution_path,safety_gate"
pocs/wireless/45_Sony_XAV_AX8500_BT_SDP_Integer_Overflow_RCE_Audit.py,wireless,CVE-2025-5478 Bluetooth SDP整数溢出/RCE Active Validation,CVE-2025-5478,bluetooth,PAYLOAD_NOT_EXECUTED,True,False,True,False,False,"execution_path,safety_gate"
pocs/wireless/46_Sony_XAV_AX8500_BT_AVCTP_Heap_Overflow_RCE_Audit.py,wireless,CVE-2025-5479 Bluetooth AVCTP堆溢出/RCE Active Validation,CVE-2025-5479,bluetooth,PAYLOAD_NOT_EXECUTED,True,False,True,False,False,"execution_path,safety_gate"
pocs/wireless/47_Sony_XAV_AX8500_BT_ERTM_Auth_Bypass_Audit.py,wireless,CVE-2025-5820 Bluetooth ERTM认证绕过 Active Validation,CVE-2025-5820,bluetooth,STATIC_OR_METADATA,False,False,False,False,False,"attack_input,execution_path,observable_result,safety_gate"
pocs/wireless/48_Automotive_RF_Weak_Random_Audit.py,wireless,CVE-2024-6348 随机数不足 Active Validation,CVE-2024-6348,rf,STATIC_OR_METADATA,False,False,False,False,False,"attack_input,execution_path,observable_result,safety_gate"
pocs/wireless/49_Enel_Waybox_Log_Access_Control_Info_Leak_Audit.py,wireless,CVE-2023-29114 访问控制不足/敏感信息泄露 Active Validation,CVE-2023-29114,wifi,STATIC_OR_METADATA,False,False,True,False,False,"attack_input,execution_path,safety_gate"
pocs/wireless/51_Android_BT_SDP_BlueBorne_Info_Leak_Audit.py,wireless,CVE-2017-0785 BlueBorne信息泄露 Active Validation,CVE-2017-0785,bluetooth,STATIC_OR_METADATA,False,False,True,False,False,"attack_input,execution_path,safety_gate"
pocs/wireless/53_Android_BT_BlueBorne_RCE_Audit.py,wireless,CVE-2017-0782 BlueBorne RCE Active Validation,CVE-2017-0782,bluetooth,STATIC_OR_METADATA,False,False,False,False,False,"attack_input,execution_path,observable_result,safety_gate"
pocs/wireless/54_Linux_BlueZ_L2CAP_BlueBorne_RCE_Audit.py,wireless,CVE-2017-1000251 BlueBorne内核RCE Active Validation,CVE-2017-1000251,bluetooth,PAYLOAD_NOT_EXECUTED,True,False,True,False,False,"execution_path,safety_gate"
pocs/wireless/56_WiFi_KRACK_Group_Key_Reinstall_Audit.py,wireless,CVE-2017-13078 KRACK密钥重装 Active Validation,CVE-2017-13078,can,PAYLOAD_NOT_EXECUTED,True,False,False,False,False,"execution_path,observable_result,safety_gate"
pocs/wireless/57_WiFi_KRACK_FT_Key_Reinstall_Audit.py,wireless,CVE-2017-13079 KRACK密钥重装 Active Validation,CVE-2017-13079,can,PAYLOAD_NOT_EXECUTED,True,False,False,False,False,"execution_path,observable_result,safety_gate"
pocs/wireless/58_WiFi_KRACK_Group_Key_Reinstall_Audit.py,wireless,CVE-2017-13080 KRACK密钥重装 Active Validation,CVE-2017-13080,can,PAYLOAD_NOT_EXECUTED,True,False,False,False,False,"execution_path,observable_result,safety_gate"
pocs/wireless/59_WiFi_KRACK_IGTK_Key_Reinstall_Audit.py,wireless,CVE-2017-13081 KRACK密钥重装 Active Validation,CVE-2017-13081,can,PAYLOAD_NOT_EXECUTED,True,False,False,False,False,"execution_path,observable_result,safety_gate"
pocs/wireless/62_BT_BIAS_Auth_Bypass_Audit.py,wireless,CVE-2020-10135 认证绕过 Active Validation,CVE-2020-10135,bluetooth,STATIC_OR_METADATA,False,False,True,False,False,"attack_input,execution_path,safety_gate"
pocs/wireless/63_BT_Classic_Impersonation_Auth_Bypass_Audit.py,wireless,CVE-2020-26555 认证绕过 Active Validation,CVE-2020-26555,bluetooth,STATIC_OR_METADATA,False,False,False,False,False,"attack_input,execution_path,observable_result,safety_gate"
pocs/wireless/64_BLE_Passkey_Pairing_MITM_Audit.py,wireless,CVE-2020-26558 配对绕过/中间人 Active Validation,CVE-2020-26558,bluetooth,STATIC_OR_METADATA,False,False,False,False,False,"attack_input,execution_path,observable_result,safety_gate"
pocs/wireless/67_AirPlay_SDK_Nearby_Network_RCE_Audit.py,wireless,CVE-2024-23206 RCE/网络邻近攻击 Active Validation,CVE-2024-23206,wifi,PAYLOAD_NOT_EXECUTED,True,False,False,False,False,"execution_path,observable_result,safety_gate"
