file,category,poc_name,cve_id,protocol,grade,attack_input,execution_path,observable_result,safety_gate,is_recon,missing
pocs/advanced/01_CWE_295_OTA_MITM_Interception_Active_Validation.py,advanced,OTA MITM Interception,CWE-295,rf,STATIC_OR_METADATA,False,False,True,False,False,"attack_input,execution_path,safety_gate"
pocs/advanced/02_CVE_2022_27254_RF_Keyfob_Replay_Active_Validation.py,advanced,RF Keyfob Replay,CVE-2022-27254,rf,EXP_READY,True,True,True,True,False,
pocs/advanced/03_CWE_345_GPS_Spoofing_Active_Validation.py,advanced,GPS Spoofing,CWE-345,rf,PAYLOAD_NOT_EXECUTED,True,False,True,False,False,"execution_path,safety_gate"
pocs/advanced/04_CWE_345_TPMS_Signal_Spoofing_Active_Validation.py,advanced,TPMS Signal Spoofing,CWE-345,rf,STATIC_OR_METADATA,False,False,True,False,False,"attack_input,execution_path,safety_gate"
pocs/advanced/05_CWE_345_V2X_BSM_Injection_Active_Validation.py,advanced,V2X BSM Injection,CWE-345,rf,PAYLOAD_NOT_EXECUTED,True,False,True,False,False,"execution_path,safety_gate"
pocs/advanced/06_CWE_367_FW_Update_TOCTOU_Active_Validation.py,advanced,FW Update TOCTOU,CWE-367,rf,PAYLOAD_NOT_EXECUTED,True,False,True,False,False,"execution_path,safety_gate"
pocs/advanced/07_CWE_347_QNX_Unsigned_Firmware_Active_Validation.py,advanced,QNX Unsigned Firmware,CWE-347,rf,STATIC_OR_METADATA,False,False,True,False,False,"attack_input,execution_path,safety_gate"
pocs/advanced/08_CWE_347_USB_Unsigned_Update_Active_Validation.py,advanced,USB Unsigned Update,CWE-347,rf,PAYLOAD_NOT_EXECUTED,True,False,True,False,False,"execution_path,safety_gate"
pocs/advanced/09_CWE_732_File_ACL_Permission_Active_Validation.py,advanced,检测已连接的 Android 设备上若干敏感文件或接口的权限问题...,CWE-732,local,STATIC_OR_METADATA,False,False,False,True,False,"attack_input,execution_path,observable_result"
pocs/advanced/10_CWE_284_SELinux_Policy_Active_Validation.py,advanced,检测设备是否启用安全SELinux状态...,CWE-284,local,STATIC_OR_METADATA,False,False,True,True,False,"attack_input,execution_path"
pocs/advanced/11_CWE_693_Stack_Canary_Hardening_Active_Validation.py,advanced,检测已连接设备是否启用栈保护机制...,CWE-693,local,STATIC_OR_METADATA,False,False,False,True,False,"attack_input,execution_path,observable_result"
pocs/advanced/12_CWE_693_ASLR_Address_Space_Active_Validation.py,advanced,检测设备是否启用了地址空间布局随机化（ASLR）...,CWE-693,local,STATIC_OR_METADATA,False,False,False,True,False,"attack_input,execution_path,observable_result"
pocs/advanced/13_CVE_2024_31317_Android_Zygote_Command_Injection_Active_Validation.py,advanced,检测设备是否存在Zygote进程命令注入漏洞（CVE-2024-31317）...,CVE-2024-31317,local,PAYLOAD_NOT_EXECUTED,True,False,False,True,False,"execution_path,observable_result"
pocs/advanced/14_CWE_284_SELinux_Runtime_Enforcement_Active_Validation.py,advanced,检测SELinux宽容设备是否存在敏感数据泄露风险...,CWE-284,local,STATIC_OR_METADATA,False,False,True,True,False,"attack_input,execution_path"
pocs/advanced/15_CWE_353_System_Directory_Protection_Active_Validation.py,advanced,检测设备dm_verity系统分区完整性验证是否开启...,CWE-353,local,STATIC_OR_METADATA,False,False,False,True,False,"attack_input,execution_path,observable_result"
pocs/advanced/16_CWE_200_ProcFS_Hidepid_Active_Validation.py,advanced,检测设备是否存在procfs进程信息泄露漏洞...,CWE-200,local,STATIC_OR_METADATA,False,False,True,True,False,"attack_input,execution_path"
pocs/advanced/17_CVE_2025_8090_Active_Validation.py,advanced,CVE-2025-8090 空指针引用/DoS Active Validation,CVE-2025-8090,local,STATIC_OR_METADATA,False,False,True,False,False,"attack_input,execution_path,safety_gate"
pocs/advanced/18_QNX_PCX_Codec_OOB_Write_RCE_DoS_Audit.py,advanced,CVE-2025-2474 越界写/RCE或DoS Active Validation,CVE-2025-2474,local,STATIC_OR_METADATA,False,False,False,False,False,"attack_input,execution_path,observable_result,safety_gate"
pocs/advanced/19_QNX_SGI_Codec_Input_Validation_RCE_DoS_Audit.py,advanced,CVE-2024-35213 输入校验/RCE或DoS Active Validation,CVE-2024-35213,local,STATIC_OR_METADATA,False,False,False,False,False,"attack_input,execution_path,observable_result,safety_gate"
pocs/advanced/20_CVE_2024_35215_Active_Validation.py,advanced,CVE-2024-35215 空指针/DoS Active Validation,CVE-2024-35215,local,STATIC_OR_METADATA,False,False,False,False,False,"attack_input,execution_path,observable_result,safety_gate"
pocs/advanced/21_QNX_TIFF_Codec_OOB_Read_Info_Leak_Audit.py,advanced,CVE-2024-48855 越界读/信息泄露 Active Validation,CVE-2024-48855,local,STATIC_OR_METADATA,False,False,True,False,False,"attack_input,execution_path,safety_gate"
pocs/advanced/22_QNX_PCX_Codec_OOB_Write_RCE_DoS_Audit.py,advanced,CVE-2024-48856 越界写/RCE或DoS Active Validation,CVE-2024-48856,local,STATIC_OR_METADATA,False,False,False,False,False,"attack_input,execution_path,observable_result,safety_gate"
pocs/advanced/23_QNX_PCX_Codec_Null_Deref_DoS_Audit.py,advanced,CVE-2024-48857 空指针/DoS Active Validation,CVE-2024-48857,local,STATIC_OR_METADATA,False,False,False,False,False,"attack_input,execution_path,observable_result,safety_gate"
pocs/advanced/24_QNX_PCX_Codec_Input_Validation_DoS_Audit.py,advanced,CVE-2024-48858 输入校验/DoS Active Validation,CVE-2024-48858,local,STATIC_OR_METADATA,False,False,False,False,False,"attack_input,execution_path,observable_result,safety_gate"
pocs/advanced/25_CVE_2021_22156_Active_Validation.py,advanced,CVE-2021-22156 整数溢出/RCE或DoS Active Validation,CVE-2021-22156,local,PAYLOAD_NOT_EXECUTED,True,False,False,False,False,"execution_path,observable_result,safety_gate"
pocs/advanced/26_CVE_2021_32025_Active_Validation.py,advanced,CVE-2021-32025 权限提升 Active Validation,CVE-2021-32025,local,STATIC_OR_METADATA,False,False,True,False,False,"attack_input,execution_path,safety_gate"
pocs/advanced/28_CVE_2017_3893_Active_Validation.py,advanced,CVE-2017-3893 内存保护绕过 Active Validation,CVE-2017-3893,local,PAYLOAD_NOT_EXECUTED,True,False,False,False,False,"execution_path,observable_result,safety_gate"
pocs/advanced/29_CVE_2024_3094_Active_Validation.py,advanced,CVE-2024-3094 供应链后门 Active Validation,CVE-2024-3094,local,STATIC_OR_METADATA,False,False,False,False,False,"attack_input,execution_path,observable_result,safety_gate"
pocs/advanced/30_CVE_2024_2961_Active_Validation.py,advanced,CVE-2024-2961 缓冲区溢出 Active Validation,CVE-2024-2961,local,PAYLOAD_NOT_EXECUTED,True,False,True,False,False,"execution_path,safety_gate"
pocs/advanced/36_CVE_2025_32060_Active_Validation.py,advanced,CVE-2025-32060 签名校验缺失 Active Validation,CVE-2025-32060,local,STATIC_OR_METADATA,False,False,False,False,False,"attack_input,execution_path,observable_result,safety_gate"
pocs/advanced/37_CVE_2026_31431_Active_Validation.py,advanced,Linux Kernel Copy Fail LPE Audit,CVE-2026-31431,local,STATIC_OR_METADATA,False,False,False,True,False,"attack_input,execution_path,observable_result"
pocs/application/01_CVE_2025_24252_AirPlay_AirBorne_UAF_Active_Validation.py,application,AirPlay AirBorne UAF,CVE-2025-24252,unknown,EXP_READY,True,True,True,True,False,
pocs/application/02_CVE_2024_8355_USB_SQLi_Active_Validation.py,application,IVI USB SQLi,CVE-2024-8355,unknown,PAYLOAD_NOT_EXECUTED,True,False,True,False,False,"execution_path,safety_gate"
pocs/application/03_CVE_2024_23923_CarPlay_Stack_Overflow_Active_Validation.py,application,CarPlay Stack Overflow,"CVE-2024-23923,CVE-2025-8474",unknown,PAYLOAD_NOT_EXECUTED,True,False,True,False,False,"execution_path,safety_gate"
pocs/application/04_CVE_2021_23906_HiQnet_Stack_Overflow_TCP_Active_Validation.py,application,HiQnet Stack Overflow TCP,CVE-2021-23906,unknown,PAYLOAD_NOT_EXECUTED,True,False,True,False,False,"execution_path,safety_gate"
pocs/application/05_CVE_2021_23906_HiQnet_Heap_Overflow_UDP_Active_Validation.py,application,HiQnet Heap Overflow UDP,CVE-2021-23906,unknown,PAYLOAD_NOT_EXECUTED,True,False,True,False,False,"execution_path,safety_gate"
pocs/application/06_CWE_200_WebView_File_Exfil_Active_Validation.py,application,WebView File Exfil,CWE-200,unknown,STATIC_OR_METADATA,False,False,True,False,False,"attack_input,execution_path,safety_gate"
pocs/application/07_CWE_78_Command_Injection_Active_Validation.py,application,Filename Command Injection,CWE-78,unknown,PAYLOAD_NOT_EXECUTED,True,False,True,False,False,"execution_path,safety_gate"
pocs/application/08_CWE_22_USB_Path_Injection_Active_Validation.py,application,USB Path Injection,CWE-22,unknown,PAYLOAD_NOT_EXECUTED,True,False,True,False,False,"execution_path,safety_gate"
pocs/application/09_CVE_2025_32063_IVI_DevMode_Bypass_Active_Validation.py,application,IVI DevMode Bypass,CVE-2025-32063,unknown,STATIC_OR_METADATA,False,False,True,False,False,"attack_input,execution_path,safety_gate"
pocs/application/10_CVE_2025_2765_Authentication_Bypass_Active_Validation.py,application,Wireless Dongle Auth Bypass,CVE-2025-2765,unknown,STATIC_OR_METADATA,False,False,True,False,False,"attack_input,execution_path,safety_gate"
pocs/application/11_CVE_2023_28898_RTSP_CarPlay_DoS_Active_Validation.py,application,RTSP CarPlay DoS,CVE-2023-28898,tcp,EXP_READY,True,True,True,True,False,
pocs/application/12_CWE_306_Inject_Active_Validation.py,application,UPnP AVTransport Media Inject,CWE-306,unknown,EXP_READY,True,True,True,True,False,
pocs/application/13_CWE_306_Mirror_Hijack_Active_Validation.py,application,Mirror Hijack,CWE-306,unknown,EXP_READY,True,True,True,True,False,
pocs/application/14_CWE_306_Injection_Active_Validation.py,application,LGE Cinemo Media Injection,CWE-306,unknown,EXP_READY,True,True,True,True,False,
pocs/application/15_CWE_319_Android_Cleartext_HTTP_Active_Validation.py,application,检测设备app是否允许不安全的明文通信...,CWE-319,android,STATIC_OR_METADATA,False,False,False,False,False,"attack_input,execution_path,observable_result,safety_gate"
pocs/application/16_CWE_489_Android_Debuggable_App_Active_Validation.py,application,检测设备app是否允许不安全的动态调试...,CWE-489,android,STATIC_OR_METADATA,False,False,False,False,False,"attack_input,execution_path,observable_result,safety_gate"
pocs/application/17_CWE_530_Android_AllowBackup_Active_Validation.py,application,检测设备app是否允许不安全的应用数据备份和还原...,CWE-530,android,STATIC_OR_METADATA,False,False,False,False,False,"attack_input,execution_path,observable_result,safety_gate"
pocs/application/18_CWE_284_Android_Install_Ask_Active_Validation.py,application,检测设备是否允许未经警告的第三方app安装...,CWE-284,android,EXP_READY,True,True,True,True,False,
pocs/application/19_CWE_1021_Android_StrandHogg_Task_Hijack_Active_Validation.py,application,检测设备app是否存在StrandHogg/Task Hijacking风险（CWE-1021）...,CWE-1021,android,STATIC_OR_METADATA,False,False,True,True,False,"attack_input,execution_path"
pocs/application/20_CWE_926_Android_Exported_Activity_Active_Validation.py,application,检测设备app是否存在不安全的Activity（及 activity-alias）导出（存在暴露风险）...,CWE-926,android,STATIC_OR_METADATA,False,False,False,True,False,"attack_input,execution_path,observable_result"
pocs/application/21_CWE_926_Android_Exported_Service_Active_Validation.py,application,检测设备app是否存在不安全的Service导出（存在暴露风险）...,CWE-926,android,STATIC_OR_METADATA,False,False,False,True,False,"attack_input,execution_path,observable_result"
pocs/application/22_CWE_926_Android_Exported_Provider_Active_Validation.py,application,检测设备app是否存在不安全的ContentProvider导出（存在暴露风险）...,CWE-926,android,STATIC_OR_METADATA,False,False,False,True,False,"attack_input,execution_path,observable_result"
pocs/application/23_CWE_926_Android_Exported_Broadcast_Active_Validation.py,application,检测设备app是否存在不安全的BroadcastReceiver导出（存在暴露风险）...,CWE-926,android,STATIC_OR_METADATA,False,False,False,True,False,"attack_input,execution_path,observable_result"
pocs/application/24_CWE_939_Android_Scheme_URL_Export_Active_Validation.py,application,检测设备app是否存在不安全的URL Scheme导出（存在暴露风险）...,CWE-939,android,STATIC_OR_METADATA,False,False,False,True,False,"attack_input,execution_path,observable_result"
pocs/application/25_CVE_2016_8863_LibUPnP_Version_Active_Validation.py,application,检测系统或app是否使用了不安全的libupnp.so库（CVE-2016-8863）...,CVE-2016-8863,upnp,STATIC_OR_METADATA,False,False,False,True,False,"attack_input,execution_path,observable_result"
pocs/application/26_CVE_2016_1897_LibAVFormat_Version_Active_Validation.py,application,检测系统或app是否使用了不安全的libavformat.so库-v1（CVE-2016-1897）...,CVE-2016-1897,http,STATIC_OR_METADATA,False,False,False,True,False,"attack_input,execution_path,observable_result"
pocs/application/27_CVE_2016_1898_LibAVFormat_Secondary_Version_Active_Validation.py,application,检测系统或app是否使用了不安全的libavformat.so库-v2（CVE-2016-1898）...,CVE-2016-1898,http,STATIC_OR_METADATA,False,False,False,True,False,"attack_input,execution_path,observable_result"
pocs/application/28_CVE_2004_0597_LibPNG_Version_Active_Validation.py,application,检测系统或app是否使用了不安全的libpng.so库（CVE-2004-0597）...,CVE-2004-0597,native,STATIC_OR_METADATA,False,False,False,True,False,"attack_input,execution_path,observable_result"
pocs/application/29_CVE_2016_6309_OpenSSL_Version_Active_Validation.py,application,检测系统或app是否使用了不安全的openssl（CVE-2016_6309）...,CVE-2016-6309,tls,STATIC_OR_METADATA,False,False,False,True,False,"attack_input,execution_path,observable_result"
pocs/application/30_CWE_922_Android_SDCard_Access_Active_Validation.py,application,检测设备app是否使用了不安全的外部数据存储...,CWE-922,android,PAYLOAD_NOT_EXECUTED,True,False,True,True,False,execution_path
pocs/application/31_CWE_749_Android_WebView_Java_Bridge_Active_Validation.py,application,检测设备app是否使用了不安全的Webview本地Java接口...,CWE-749,android,STATIC_OR_METADATA,False,False,True,True,False,"attack_input,execution_path"
pocs/application/32_CWE_829_Android_WebView_RCE_Surface_Active_Validation.py,application,检测设备app是否使用了不安全的Webview代码加载接口...,CWE-829,android,STATIC_OR_METADATA,False,False,True,True,False,"attack_input,execution_path"
pocs/application/33_CWE_22_Android_WebView_File_Access_Active_Validation.py,application,检测设备app是否使用了不安全的Webview文件访问接口...,CWE-22,android,STATIC_OR_METADATA,False,False,True,True,False,"attack_input,execution_path"
pocs/application/34_CWE_732_Android_OpenFile_ReadWrite_Active_Validation.py,application,检测设备app是否使用了不安全的文件全局可读写访问接口...,CWE-732,android,STATIC_OR_METADATA,False,False,True,True,False,"attack_input,execution_path"
pocs/application/35_CWE_732_Android_OpenFile_Write_Active_Validation.py,application,检测设备app是否使用了不安全的文件全局可写访问接口...,CWE-732,android,STATIC_OR_METADATA,False,False,True,True,False,"attack_input,execution_path"
pocs/application/36_CWE_732_Android_SharedPrefs_Read_Active_Validation.py,application,检测设备app是否使用了不安全的数据库全局可读访问接口...,CWE-732,android,STATIC_OR_METADATA,False,False,True,True,False,"attack_input,execution_path"
pocs/application/37_CWE_732_Android_SharedPrefs_Write_Active_Validation.py,application,检测设备app是否使用了不安全的数据库全局可写访问接口...,CWE-732,android,STATIC_OR_METADATA,False,False,True,True,False,"attack_input,execution_path"
pocs/application/38_CWE_327_Weak_AES_Mode_Active_Validation.py,application,检测设备app是否使用了不安全的加密算法配置（ECB、NO/PKCS5 Padding）...,CWE-327,crypto,STATIC_OR_METADATA,False,False,True,False,False,"attack_input,execution_path,safety_gate"
pocs/application/39_CWE_338_Weak_Randomness_Active_Validation.py,application,检测设备app是否使用了不安全的伪随机数生成...,CWE-338,crypto,STATIC_OR_METADATA,False,False,False,False,False,"attack_input,execution_path,observable_result,safety_gate"
pocs/application/40_CVE_2024_54728_BYD_Public_Log_Active_Validation.py,application,检测设备是否存在系统日志泄露漏洞（CVE-2024-54728）...,CVE-2024-54728,local,STATIC_OR_METADATA,False,False,False,False,False,"attack_input,execution_path,observable_result,safety_gate"
pocs/application/41_CWE_20_USB_Input_Injection_Active_Validation.py,application,检测设备是否存在USB伪装命令注入漏洞...,CWE-20,usb,PAYLOAD_NOT_EXECUTED,True,False,False,True,False,"execution_path,observable_result"
pocs/application/42_CWE_200_Android_Database_Export_Active_Validation.py,application,检测设备是否存在数据库泄露风险...,CWE-200,android,STATIC_OR_METADATA,False,False,False,True,False,"attack_input,execution_path,observable_result"
pocs/application/43_CWE_532_Android_Syslog_Active_Validation.py,application,检测设备是否存在系统日志泄露风险...,CWE-532,local,STATIC_OR_METADATA,False,False,False,False,False,"attack_input,execution_path,observable_result,safety_gate"
pocs/application/44_CVE_2018_1152_LibJPEG_Version_Active_Validation.py,application,检测系统或app是否使用了不安全的libjpeg-turbo.so库（CVE-2018-1152）...,CVE-2018-1152,native,STATIC_OR_METADATA,False,False,False,True,False,"attack_input,execution_path,observable_result"
pocs/application/45_CWE_829_Android_WebView_Remote_URL_Active_Validation.py,application,WebView 远程 URL 加载受控检测,CWE-829,android,STATIC_OR_METADATA,False,False,False,False,False,"attack_input,execution_path,observable_result,safety_gate"
pocs/application/46_CWE_749_Android_WebView_JavaScript_Active_Validation.py,application,WebView JavaScript 启用风险检测,CWE-749,android,STATIC_OR_METADATA,False,False,False,False,False,"attack_input,execution_path,observable_result,safety_gate"
pocs/application/47_CWE_319_Android_WebView_Mixed_Content_Active_Validation.py,application,WebView MixedContent 兼容模式检测,CWE-319,android,STATIC_OR_METADATA,False,False,False,False,False,"attack_input,execution_path,observable_result,safety_gate"
pocs/application/48_CWE_312_Android_SQLite_Plaintext_Active_Validation.py,application,SQLite 明文敏感数据存储检测,CWE-312,android,STATIC_OR_METADATA,False,False,False,False,False,"attack_input,execution_path,observable_result,safety_gate"
pocs/application/49_CWE_89_Android_SQLite_Injection_Pattern_Active_Validation.py,application,SQL 拼接注入风险模式检测,CWE-89,android,PAYLOAD_NOT_EXECUTED,True,False,False,False,False,"execution_path,observable_result,safety_gate"
pocs/application/50_CWE_922_Android_Sensitive_File_Storage_Active_Validation.py,application,应用本地敏感文件存储检测,CWE-922,android,STATIC_OR_METADATA,False,False,False,False,False,"attack_input,execution_path,observable_result,safety_gate"
pocs/application/51_CWE_926_Android_Activity_Intent_Filter_Active_Validation.py,application,Exported Activity Intent-Filter 风险检测,CWE-926,android,STATIC_OR_METADATA,False,False,False,False,False,"attack_input,execution_path,observable_result,safety_gate"
pocs/application/52_CWE_926_Android_Service_Permission_Active_Validation.py,application,Exported Service 缺少权限保护检测,CWE-926,android,STATIC_OR_METADATA,False,False,False,False,False,"attack_input,execution_path,observable_result,safety_gate"
pocs/application/53_CWE_926_Android_Receiver_Permission_Active_Validation.py,application,Exported Receiver 缺少权限保护检测,CWE-926,android,STATIC_OR_METADATA,False,False,False,False,False,"attack_input,execution_path,observable_result,safety_gate"
pocs/application/54_CWE_926_Android_Provider_URI_Grant_Active_Validation.py,application,Provider 导出与 grantUriPermissions 风险检测,CWE-926,android,STATIC_OR_METADATA,False,False,False,False,False,"attack_input,execution_path,observable_result,safety_gate"
pocs/application/55_CWE_532_Android_Sensitive_Debug_Log_Active_Validation.py,application,调试日志敏感信息泄露检测,CWE-532,android,STATIC_OR_METADATA,False,False,False,False,False,"attack_input,execution_path,observable_result,safety_gate"
pocs/application/56_CWE_489_Android_Hardcoded_Debug_Endpoint_Active_Validation.py,application,硬编码调试接口与测试域名检测,CWE-489,android,STATIC_OR_METADATA,False,False,False,False,False,"attack_input,execution_path,observable_result,safety_gate"
pocs/application/57_CWE_327_Crypto_ECB_Active_Validation.py,application,弱加密 ECB/静态 IV 使用检测,CWE-327,crypto,STATIC_OR_METADATA,False,False,False,False,False,"attack_input,execution_path,observable_result,safety_gate"
pocs/application/58_CWE_337_Random_Seed_Active_Validation.py,application,伪随机数固定种子风险检测,CWE-337,crypto,STATIC_OR_METADATA,False,False,False,False,False,"attack_input,execution_path,observable_result,safety_gate"
pocs/application/59_CVE_2024_23204_Active_Validation.py,application,CVE-2024-23204 内存破坏/协议缺陷 Active Validation,CVE-2024-23204,airplay,EXP_READY,True,True,True,True,False,
pocs/application/60_CVE_2024_23205_Active_Validation.py,application,CVE-2024-23205 认证/访问控制缺陷 Active Validation,CVE-2024-23205,airplay,EXP_READY,True,True,True,True,False,
pocs/application/61_CVE_2025_24132_Active_Validation.py,application,CVE-2025-24132 AirBorne系列漏洞 Active Validation,CVE-2025-24132,airplay,EXP_READY,True,True,True,True,False,
pocs/application/63_CVE_2025_24271_Active_Validation.py,application,CVE-2025-24271 AirBorne系列漏洞 Active Validation,CVE-2025-24271,airplay,EXP_READY,True,True,True,True,False,
pocs/application/64_CVE_2023_4863_Active_Validation.py,application,CVE-2023-4863 堆溢出/RCE Active Validation,CVE-2023-4863,http,EXP_READY,True,True,True,True,False,
pocs/application/65_CVE_2026_2441_Chromium_CSSFontFeatureValuesMap_UAF_Active_Validation.py,application,Chromium CSSFontFeatureValuesMap UAF Active Validation,CVE-2026-2441,local,EXP_READY,True,True,True,True,False,
pocs/application/66_CVE_2026_8461_FFmpeg_MagicYUV_Heap_OOB_RCE_Active_Validation.py,application,FFmpeg MagicYUV Heap OOB RCE Active Validation,CVE-2026-8461,local,EXP_READY,True,True,True,True,False,
pocs/canbus/01_CWE_200_CAN_Bus_Sniff_Active_Validation.py,canbus,CAN Bus Sniff,CWE-200,can,STATIC_OR_METADATA,False,False,True,False,False,"attack_input,execution_path,safety_gate"
pocs/canbus/02_CWE_306_CAN_Message_Injection_Active_Validation.py,canbus,CAN Message Injection,CWE-306,can,EXP_READY,True,True,True,True,False,
pocs/canbus/03_CWE_400_CAN_DoS_Flood_Active_Validation.py,canbus,CAN DoS Flood,CWE-400,can,PROBE_ONLY,False,True,True,False,False,"attack_input,safety_gate"
pocs/canbus/04_CWE_294_CAN_Replay_Attack_Active_Validation.py,canbus,CAN Replay Attack,CWE-294,can,EXP_READY,True,True,True,True,False,
pocs/canbus/05_CWE_306_UDS_Diagnostic_Session_Bypass_Active_Validation.py,canbus,UDS Diagnostic Session Bypass,CWE-306,can,PROBE_ONLY,False,True,True,False,False,"attack_input,safety_gate"
pocs/canbus/06_CWE_307_UDS_Security_Access_Brute_Active_Validation.py,canbus,UDS Security Access Brute,CWE-307,can,PROBE_ONLY,False,True,True,False,False,"attack_input,safety_gate"
pocs/canbus/07_CWE_200_UDS_ReadMemory_Active_Validation.py,canbus,UDS ReadMemory,CWE-200,can,PROBE_ONLY,False,True,True,False,False,"attack_input,safety_gate"
pocs/canbus/08_CWE_306_UDS_RoutineControl_Active_Validation.py,canbus,UDS RoutineControl,CWE-306,can,PROBE_ONLY,False,True,True,False,False,"attack_input,safety_gate"
pocs/canbus/09_CWE_345_OBD_VIN_Spoofing_Active_Validation.py,canbus,OBD VIN Spoof,CWE-345,can,PROBE_ONLY,False,True,True,False,False,"attack_input,safety_gate"
pocs/canbus/10_CWE_306_UDS_ECU_Reset_Unauthenticated_Active_Validation.py,canbus,UDS ECU Reset Unauthenticated,CWE-306,can,EXP_READY,True,True,True,True,False,
pocs/canbus/11_CVE_2025_28169_CAN_Traffic_Hijack_Active_Validation.py,canbus,检测设备是否存在CAN流量劫持漏洞（CVE-2025-28169）...,CVE-2025-28169,can,STATIC_OR_METADATA,False,False,True,False,False,"attack_input,execution_path,safety_gate"
pocs/canbus/12_CWE_200_DoIP_Entity_Status_Active_Validation.py,canbus,DoIP Entity Status 安全探测,CWE-200,doip,STATIC_OR_METADATA,False,False,False,True,False,"attack_input,execution_path,observable_result"
pocs/canbus/13_CWE_306_DoIP_Routing_Activation_Active_Validation.py,canbus,DoIP Routing Activation 前置条件检测,CWE-306,doip,PROBE_ONLY,False,True,False,True,False,"attack_input,observable_result"
pocs/canbus/14_CWE_294_CAN_Lint_Active_Validation.py,canbus,CAN 重放日志安全 Lint,CWE-294,can,PAYLOAD_NOT_EXECUTED,True,False,True,False,False,"execution_path,safety_gate"
pocs/canbus/15_CWE_209_UDS_Negative_Response_Active_Validation.py,canbus,UDS 负响应与安全访问日志检测,CWE-209,uds,STATIC_OR_METADATA,False,False,False,False,False,"attack_input,execution_path,observable_result,safety_gate"
pocs/canbus/16_CVE_2025_32056_Active_Validation.py,canbus,CVE-2025-32056 弱随机/认证绕过 Active Validation,CVE-2025-32056,can,STATIC_OR_METADATA,False,False,False,False,False,"attack_input,execution_path,observable_result,safety_gate"
pocs/canbus/17_CVE_2025_32058_Active_Validation.py,canbus,CVE-2025-32058 栈溢出/RCE Active Validation,CVE-2025-32058,can,PAYLOAD_NOT_EXECUTED,True,False,False,False,False,"execution_path,observable_result,safety_gate"
pocs/network/01_CWE_489_USB_ADB_Debug_Interface_Active_Validation.py,network,USB ADB Debug Interface Detection,CWE-489,usb,STATIC_OR_METADATA,False,False,True,False,False,"attack_input,execution_path,safety_gate"
pocs/network/02_CVE_2018_6242_ADB_Debug_Port_Active_Validation.py,network,Network ADB Debug Port Detection,CVE-2018-6242,tcp,EXP_READY,True,True,True,True,False,
pocs/network/03_CWE_200_SSH_Service_Active_Validation.py,network,SSH Service,CWE-200,tcp,STATIC_OR_METADATA,False,False,True,False,False,"attack_input,execution_path,safety_gate"
pocs/network/04_CWE_521_SSH_Weak_Credentials_Active_Validation.py,network,SSH Weak Creds,CWE-521,tcp,STATIC_OR_METADATA,False,False,True,False,False,"attack_input,execution_path,safety_gate"
pocs/network/05_CWE_798_SSH_Hardcoded_Credentials_Active_Validation.py,network,SSH Hardcoded Creds,CWE-798,tcp,STATIC_OR_METADATA,False,False,True,False,False,"attack_input,execution_path,safety_gate"
pocs/network/06_CWE_319_Telnet_Service_Active_Validation.py,network,Telnet Service,CWE-319,tcp,STATIC_OR_METADATA,False,False,True,False,False,"attack_input,execution_path,safety_gate"
pocs/network/07_CWE_521_Telnet_Weak_Credentials_Active_Validation.py,network,Telnet Weak Creds,CWE-521,tcp,PROBE_ONLY,False,True,True,False,False,"attack_input,safety_gate"
pocs/network/08_CWE_306_FTP_Anonymous_Active_Validation.py,network,FTP Anonymous,CWE-306,tcp,STATIC_OR_METADATA,False,False,True,False,False,"attack_input,execution_path,safety_gate"
pocs/network/09_CWE_306_MQTT_Unauth_Active_Validation.py,network,MQTT Unauth,CWE-306,tcp,PAYLOAD_NOT_EXECUTED,True,False,True,False,False,"execution_path,safety_gate"
pocs/network/10_CVE_2015_5611_Auth_Active_Validation.py,network,DBus Anon Auth,CVE-2015-5611,tcp,STATIC_OR_METADATA,False,False,True,False,False,"attack_input,execution_path,safety_gate"
pocs/network/11_CWE_200_RTSP_Log_Leak_Active_Validation.py,network,RTSP Log Leak,CWE-200,rtsp,PROBE_ONLY,False,True,True,True,False,attack_input
pocs/network/12_CWE_306_DLNA_AVTransport_Unauth_Active_Validation.py,network,DLNA AVTransport Unauth,CWE-306,tcp,PROBE_ONLY,False,True,True,False,False,"attack_input,safety_gate"
pocs/network/13_CWE_295_HTTPS_No_Cert_Pin_Active_Validation.py,network,HTTPS No Cert Pin,CWE-295,tcp,STATIC_OR_METADATA,False,False,True,False,False,"attack_input,execution_path,safety_gate"
pocs/network/14_CWE_200_SOMEIP_Service_Discovery_Active_Validation.py,network,SOMEIP Service Discovery,CWE-200,tcp,PAYLOAD_NOT_EXECUTED,True,False,True,False,False,"execution_path,safety_gate"
pocs/network/15_CWE_200_Service_Probe_Active_Validation.py,network,Dynamic Unknown Service Probe,CWE-200,tcp,STATIC_OR_METADATA,False,False,True,True,False,"attack_input,execution_path"
pocs/network/17_CVE_2025_32057_Active_Validation.py,network,CVE-2025-32057 证书校验缺失 Active Validation,CVE-2025-32057,can,STATIC_OR_METADATA,False,False,False,False,False,"attack_input,execution_path,observable_result,safety_gate"
pocs/network/21_CVE_2025_32061_Active_Validation.py,network,CVE-2025-32061 栈溢出/RCE Active Validation,CVE-2025-32061,can,PAYLOAD_NOT_EXECUTED,True,False,False,False,False,"execution_path,observable_result,safety_gate"
pocs/network/22_CVE_2025_32062_Active_Validation.py,network,CVE-2025-32062 访问控制缺陷 Active Validation,CVE-2025-32062,can,PAYLOAD_NOT_EXECUTED,True,False,False,False,False,"execution_path,observable_result,safety_gate"
pocs/network/24_CVE_2025_6029_Active_Validation.py,network,CVE-2025-6029 固定学习码/重放 Active Validation,CVE-2025-6029,rf,PAYLOAD_NOT_EXECUTED,True,False,True,False,False,"execution_path,safety_gate"
pocs/network/25_CVE_2025_6030_Active_Validation.py,network,CVE-2025-6030 固定学习码/重放 Active Validation,CVE-2025-6030,rf,PAYLOAD_NOT_EXECUTED,True,False,False,False,False,"execution_path,observable_result,safety_gate"
pocs/network/26_CVE_2025_6785_Active_Validation.py,network,CVE-2025-6785 注入/物理访问控制不足 Active Validation,CVE-2025-6785,tcp,PAYLOAD_NOT_EXECUTED,True,False,True,False,False,"execution_path,safety_gate"
pocs/network/27_CVE_2025_7020_Active_Validation.py,network,CVE-2025-7020 加密实现错误 Active Validation,CVE-2025-7020,tcp,STATIC_OR_METADATA,False,False,True,False,False,"attack_input,execution_path,safety_gate"
pocs/network/28_CVE_2024_23922_Active_Validation.py,network,CVE-2024-23922 更新包校验不足/RCE Active Validation,CVE-2024-23922,ocpp,STATIC_OR_METADATA,False,False,False,False,False,"attack_input,execution_path,observable_result,safety_gate"
pocs/network/29_Sony_XAV_AX5500_WMV_ASF_Stack_Overflow_RCE_Audit.py,network,CVE-2024-23934 栈溢出/RCE Active Validation,CVE-2024-23934,ocpp,PAYLOAD_NOT_EXECUTED,True,False,False,False,False,"execution_path,observable_result,safety_gate"
pocs/network/30_Sony_XAV_AX5500_USB_Media_RCE_Audit.py,network,CVE-2024-23935 内存破坏/RCE Active Validation,CVE-2024-23935,ocpp,PAYLOAD_NOT_EXECUTED,True,False,False,False,False,"execution_path,observable_result,safety_gate"
pocs/network/31_CVE_2024_23957_Active_Validation.py,network,CVE-2024-23957 栈溢出/RCE Active Validation,CVE-2024-23957,ocpp,PAYLOAD_NOT_EXECUTED,True,False,False,False,False,"execution_path,observable_result,safety_gate"
pocs/network/32_CVE_2024_23960_Active_Validation.py,network,CVE-2024-23960 签名校验不当 Active Validation,CVE-2024-23960,ocpp,STATIC_OR_METADATA,False,False,False,False,False,"attack_input,execution_path,observable_result,safety_gate"
pocs/network/33_CVE_2024_23967_Active_Validation.py,network,CVE-2024-23967 输入校验或内存破坏 Active Validation,CVE-2024-23967,ocpp,PAYLOAD_NOT_EXECUTED,True,False,False,False,False,"execution_path,observable_result,safety_gate"
pocs/network/34_CVE_2024_23972_Active_Validation.py,network,CVE-2024-23972 栈溢出/RCE Active Validation,CVE-2024-23972,ocpp,PAYLOAD_NOT_EXECUTED,True,False,False,False,False,"execution_path,observable_result,safety_gate"
pocs/network/35_CVE_2024_1633_Active_Validation.py,network,CVE-2024-1633 访问控制/输入校验 Active Validation,CVE-2024-1633,ocpp,PAYLOAD_NOT_EXECUTED,True,False,False,False,False,"execution_path,observable_result,safety_gate"
pocs/network/36_CVE_2024_5684_Active_Validation.py,network,CVE-2024-5684 内存安全/配置问题 Active Validation,CVE-2024-5684,ocpp,STATIC_OR_METADATA,False,False,False,False,False,"attack_input,execution_path,observable_result,safety_gate"
pocs/network/37_CVE_2024_6245_Active_Validation.py,network,CVE-2024-6245 默认凭据 Active Validation,CVE-2024-6245,https,STATIC_OR_METADATA,False,False,False,False,False,"attack_input,execution_path,observable_result,safety_gate"
pocs/network/38_CVE_2024_6287_Active_Validation.py,network,CVE-2024-6287 输入校验/访问控制 Active Validation,CVE-2024-6287,ocpp,STATIC_OR_METADATA,False,False,False,False,False,"attack_input,execution_path,observable_result,safety_gate"
pocs/network/39_CVE_2024_6347_Active_Validation.py,network,CVE-2024-6347 缺少认证/授权不当 Active Validation,CVE-2024-6347,ocpp,STATIC_OR_METADATA,False,False,True,False,False,"attack_input,execution_path,safety_gate"
pocs/network/40_CVE_2024_6563_Active_Validation.py,network,CVE-2024-6563 缓冲区拷贝越界 Active Validation,CVE-2024-6563,ocpp,PAYLOAD_NOT_EXECUTED,True,False,True,False,False,"execution_path,safety_gate"
pocs/network/41_CVE_2024_6564_Active_Validation.py,network,CVE-2024-6564 缓冲区溢出/安全启动绕过 Active Validation,CVE-2024-6564,ocpp,PAYLOAD_NOT_EXECUTED,True,False,True,False,False,"execution_path,safety_gate"
pocs/network/42_CVE_2024_7746_Active_Validation.py,network,CVE-2024-7746 输入校验/认证缺陷 Active Validation,CVE-2024-7746,ocpp,STATIC_OR_METADATA,False,False,True,False,False,"attack_input,execution_path,safety_gate"
pocs/network/43_CVE_2024_39339_Active_Validation.py,network,CVE-2024-39339 访问控制/信息泄露 Active Validation,CVE-2024-39339,https,STATIC_OR_METADATA,False,False,True,False,False,"attack_input,execution_path,safety_gate"
pocs/network/44_CVE_2023_6073_Active_Validation.py,network,CVE-2023-6073 DoS/命令伪造 Active Validation,CVE-2023-6073,ocpp,STATIC_OR_METADATA,False,False,True,False,False,"attack_input,execution_path,safety_gate"
pocs/network/45_CVE_2023_28895_Active_Validation.py,network,CVE-2023-28895 硬编码凭据 Active Validation,CVE-2023-28895,ocpp,STATIC_OR_METADATA,False,False,False,False,False,"attack_input,execution_path,observable_result,safety_gate"
pocs/network/46_CVE_2023_28900_Active_Validation.py,network,CVE-2023-28900 越权/信息泄露 Active Validation,CVE-2023-28900,ocpp,STATIC_OR_METADATA,False,False,False,False,False,"attack_input,execution_path,observable_result,safety_gate"
pocs/network/47_CVE_2023_28903_Active_Validation.py,network,CVE-2023-28903 输入校验/DoS Active Validation,CVE-2023-28903,https,PAYLOAD_NOT_EXECUTED,True,False,False,False,False,"execution_path,observable_result,safety_gate"
pocs/network/48_CVE_2023_28908_Active_Validation.py,network,CVE-2023-28908 整数溢出 Active Validation,CVE-2023-28908,https,PAYLOAD_NOT_EXECUTED,True,False,False,False,False,"execution_path,observable_result,safety_gate"
pocs/network/49_CVE_2023_28910_Active_Validation.py,network,CVE-2023-28910 访问控制/认证缺陷 Active Validation,CVE-2023-28910,https,STATIC_OR_METADATA,False,False,False,False,False,"attack_input,execution_path,observable_result,safety_gate"
pocs/network/50_CVE_2023_28911_Active_Validation.py,network,CVE-2023-28911 输入校验/DoS Active Validation,CVE-2023-28911,https,STATIC_OR_METADATA,False,False,False,False,False,"attack_input,execution_path,observable_result,safety_gate"
pocs/network/51_CVE_2023_29126_Active_Validation.py,network,CVE-2023-29126 PHP类型混淆/认证绕过 Active Validation,CVE-2023-29126,ocpp,STATIC_OR_METADATA,False,False,True,False,False,"attack_input,execution_path,safety_gate"
pocs/network/52_CVE_2023_32701_Active_Validation.py,network,CVE-2023-32701 输入校验/信息泄露或DoS Active Validation,CVE-2023-32701,ocpp,STATIC_OR_METADATA,False,False,True,False,False,"attack_input,execution_path,safety_gate"
pocs/network/53_CVE_2022_1292_Active_Validation.py,network,CVE-2022-1292 命令注入 Active Validation,CVE-2022-1292,tls,PAYLOAD_NOT_EXECUTED,True,False,False,False,False,"execution_path,observable_result,safety_gate"
pocs/network/54_CVE_2022_2068_Active_Validation.py,network,CVE-2022-2068 数据加密实现错误 Active Validation,CVE-2022-2068,tls,PAYLOAD_NOT_EXECUTED,True,False,False,False,False,"execution_path,observable_result,safety_gate"
pocs/network/55_CVE_2022_37434_Active_Validation.py,network,CVE-2022-37434 整数溢出/内存破坏 Active Validation,CVE-2022-37434,https,PAYLOAD_NOT_EXECUTED,True,False,True,False,False,"execution_path,safety_gate"
pocs/network/56_CVE_2023_29406_Active_Validation.py,network,CVE-2023-29406 资源消耗/DoS Active Validation,CVE-2023-29406,http,PAYLOAD_NOT_EXECUTED,True,False,False,False,False,"execution_path,observable_result,safety_gate"
pocs/network/57_CVE_2024_6119_Active_Validation.py,network,CVE-2024-6119 DoS/验证问题 Active Validation,CVE-2024-6119,tls,STATIC_OR_METADATA,False,False,True,False,False,"attack_input,execution_path,safety_gate"
pocs/network/58_CVE_2024_5535_Active_Validation.py,network,CVE-2024-5535 缓冲区越界 Active Validation,CVE-2024-5535,tls,STATIC_OR_METADATA,False,False,True,False,False,"attack_input,execution_path,safety_gate"
pocs/network/59_CVE_2024_4741_Active_Validation.py,network,CVE-2024-4741 内存使用/DoS Active Validation,CVE-2024-4741,tls,STATIC_OR_METADATA,False,False,True,False,False,"attack_input,execution_path,safety_gate"
pocs/network/60_CVE_2024_2511_Active_Validation.py,network,CVE-2024-2511 DoS Active Validation,CVE-2024-2511,tls,PAYLOAD_NOT_EXECUTED,True,False,False,False,False,"execution_path,observable_result,safety_gate"
pocs/network/61_CVE_2024_0727_Active_Validation.py,network,CVE-2024-0727 DoS Active Validation,CVE-2024-0727,https,STATIC_OR_METADATA,False,False,True,False,False,"attack_input,execution_path,safety_gate"
pocs/network/62_CVE_2026_25243_Active_Validation.py,network,Redis RESTORE Heap Memory RCE Audit,CVE-2026-25243,redis,EXP_READY,True,True,True,True,False,
pocs/network/63_CVE_2026_27623_Active_Validation.py,network,Valkey RESP Pre-Auth DoS Audit,CVE-2026-27623,redis,EXP_READY,True,True,True,True,False,
pocs/network/64_CVE_2026_42945_Active_Validation.py,network,NGINX Rift Rewrite Heap Overflow Audit,CVE-2026-42945,http,EXP_READY,True,True,True,True,False,
pocs/network/65_CVE_2026_49975_Active_Validation.py,network,HTTP2 HPACK Bomb DoS Audit,CVE-2026-49975,http2,STATIC_OR_METADATA,False,False,False,True,False,"attack_input,execution_path,observable_result"
pocs/network/66_CVE_2026_53519_Active_Validation.py,network,Nezha Dashboard Path Traversal JWT Audit,CVE-2026-53519,http,PAYLOAD_NOT_EXECUTED,True,False,True,True,False,execution_path
pocs/network/67_CVE_2026_47101_Active_Validation.py,network,LiteLLM Key Generation Privilege Escalation Audit,CVE-2026-47101,http,STATIC_OR_METADATA,False,False,False,True,False,"attack_input,execution_path,observable_result"
pocs/reconnaissance/01_CWE_200_ICMP_Host_Discovery_Reconnaissance.py,reconnaissance,ICMP Host Discovery,CWE-200,unknown,RECON_NOT_EXP,False,True,True,False,True,attack_input
pocs/reconnaissance/02_CWE_200_TCP_Port_Scan_Reconnaissance.py,reconnaissance,TCP Port Scan,CWE-200,unknown,RECON_NOT_EXP,False,False,True,False,True,"attack_input,execution_path"
pocs/reconnaissance/03_CWE_200_Service_Discovery_Reconnaissance.py,reconnaissance,mDNS Service Discovery,CWE-200,unknown,RECON_NOT_EXP,False,False,True,False,True,"attack_input,execution_path"
pocs/reconnaissance/04_CWE_200_UPnP_SSDP_Discovery_Reconnaissance.py,reconnaissance,UPnP SSDP Discovery,CWE-200,unknown,RECON_NOT_EXP,False,False,True,False,True,"attack_input,execution_path"
pocs/reconnaissance/05_CWE_798_Leak_Reconnaissance.py,reconnaissance,SNMP Info Leak,CWE-798,unknown,RECON_NOT_EXP,False,False,True,False,True,"attack_input,execution_path"
pocs/reconnaissance/06_CWE_200_BT_SDP_Enumeration_Reconnaissance.py,reconnaissance,BT SDP Enum,CWE-200,unknown,RECON_NOT_EXP,False,True,True,False,True,attack_input
pocs/reconnaissance/07_CWE_200_TBox_Port_Scan_Reconnaissance.py,reconnaissance,TBox Port Scan,CWE-200,unknown,RECON_NOT_EXP,False,False,True,False,True,"attack_input,execution_path"
pocs/reconnaissance/08_CWE_200_HTTP_Service_Enumeration_Reconnaissance.py,reconnaissance,HTTP Service Enum,CWE-200,unknown,RECON_NOT_EXP,False,False,True,False,True,"attack_input,execution_path"
pocs/wireless/01_CVE_2017_3891_QNX_Qnet_File_Read_Active_Validation.py,wireless,QNX Qnet File Read,CVE-2017-3891,rf,PROBE_ONLY,False,True,True,False,False,"attack_input,safety_gate"
pocs/wireless/02_CWE_345_WiFi_Deauth_Active_Validation.py,wireless,WiFi Deauth,CWE-345,wifi,STATIC_OR_METADATA,False,False,True,False,False,"attack_input,execution_path,safety_gate"
pocs/wireless/03_CWE_300_WiFi_Evil_Twin_Active_Validation.py,wireless,WiFi Evil Twin,CWE-300,wifi,PAYLOAD_NOT_EXECUTED,True,False,True,False,False,"execution_path,safety_gate"
pocs/wireless/04_CVE_2017_13077_WiFi_KRACK_Active_Validation.py,wireless,WiFi KRACK,CVE-2017-13077,wifi,STATIC_OR_METADATA,False,False,True,False,False,"attack_input,execution_path,safety_gate"
pocs/wireless/05_CVE_2023_29468_WiFi_TI_WL18xx_Overflow_Active_Validation.py,wireless,WiFi TI WL18xx Overflow,CVE-2023-29468,wifi,PAYLOAD_NOT_EXECUTED,True,False,True,False,False,"execution_path,safety_gate"
pocs/wireless/06_CVE_2021_26675_Overflow_Active_Validation.py,wireless,ConnMan DHCP Overflow,CVE-2021-26675,wifi,PAYLOAD_NOT_EXECUTED,True,False,True,False,False,"execution_path,safety_gate"
pocs/wireless/07_CVE_2017_9417_Overflow_Active_Validation.py,wireless,Broadcom WME Overflow,CVE-2017-9417,wifi,PAYLOAD_NOT_EXECUTED,True,False,True,False,False,"execution_path,safety_gate"
pocs/wireless/08_CWE_306_WiFi_Unauth_Vehicle_Ctrl_Active_Validation.py,wireless,WiFi Unauth Vehicle Ctrl,CWE-306,wifi,PROBE_ONLY,False,True,True,False,False,"attack_input,safety_gate"
pocs/wireless/09_CVE_2025_32059_BT_HFP_AT_Overflow_Active_Validation.py,wireless,BT HFP AT Overflow,CVE-2025-32059,bluetooth,PAYLOAD_NOT_EXECUTED,True,False,True,False,False,"execution_path,safety_gate"
pocs/wireless/10_CVE_2023_24023_BT_BLUFFS_Key_Downgrade_Active_Validation.py,wireless,BT BLUFFS Key Downgrade,CVE-2023-24023,bluetooth,STATIC_OR_METADATA,False,False,True,False,False,"attack_input,execution_path,safety_gate"
pocs/wireless/11_CVE_2024_45431_BT_PerfektBlue_L2CAP_Active_Validation.py,wireless,BT PerfektBlue L2CAP,CVE-2024-45431,bluetooth,STATIC_OR_METADATA,False,False,True,False,False,"attack_input,execution_path,safety_gate"
pocs/wireless/12_CVE_2024_45432_BT_PerfektBlue_RFCOMM_Active_Validation.py,wireless,BT PerfektBlue RFCOMM,CVE-2024-45432,bluetooth,PAYLOAD_NOT_EXECUTED,True,False,True,False,False,"execution_path,safety_gate"
pocs/wireless/13_CVE_2025_0084_BT_HFP_UAF_Active_Validation.py,wireless,BT HFP UAF,CVE-2025-0084,bluetooth,PAYLOAD_NOT_EXECUTED,True,False,True,False,False,"execution_path,safety_gate"
pocs/wireless/15_CVE_2017_0781_BlueBorne_BNEP_Overflow_Active_Validation.py,wireless,BlueBorne BNEP Overflow,CVE-2017-0781,bluetooth,PAYLOAD_NOT_EXECUTED,True,False,True,False,False,"execution_path,safety_gate"
pocs/wireless/16_CVE_2020_12351_BleedingTooth_L2CAP_Active_Validation.py,wireless,BleedingTooth L2CAP,CVE-2020-12351,bluetooth,PAYLOAD_NOT_EXECUTED,True,False,True,False,False,"execution_path,safety_gate"
pocs/wireless/17_CVE_2020_0022_BT_CVE_2020_0022_DoS_Active_Validation.py,wireless,BT CVE 2020 0022 DoS,CVE-2020-0022,bluetooth,PAYLOAD_NOT_EXECUTED,True,False,True,False,False,"execution_path,safety_gate"
pocs/wireless/18_CWE_345_WiFi_SSID_Clone_AutoConnect_Active_Validation.py,wireless,WiFi SSID Clone AutoConnect,CWE-345,wifi,EXP_READY,True,True,True,True,False,
pocs/wireless/19_CVE_2023_52160_WiFi_PEAP_Authentication_Bypass_Active_Validation.py,wireless,WiFi PEAP Auth Bypass Audit,CVE-2023-52160,wifi,STATIC_OR_METADATA,False,False,True,False,False,"attack_input,execution_path,safety_gate"
pocs/wireless/20_CVE_2020_24586_WiFi_FragAttacks_Kernel_Active_Validation.py,wireless,WiFi FragAttacks Kernel Audit,"CVE-2020-24586,CVE-2020-24587,CVE-2020-24588",wifi,STATIC_OR_METADATA,False,False,True,False,False,"attack_input,execution_path,safety_gate"
pocs/wireless/21_CVE_2019_15126_WiFi_KR00K_Chipset_Active_Validation.py,wireless,WiFi KR00K Chipset Audit,CVE-2019-15126,wifi,STATIC_OR_METADATA,False,False,True,False,False,"attack_input,execution_path,safety_gate"
pocs/wireless/22_CVE_2019_9506_BT_KNOB_Key_Length_Active_Validation.py,wireless,BT KNOB Key Length Audit,CVE-2019-9506,bluetooth,STATIC_OR_METADATA,False,False,True,False,False,"attack_input,execution_path,safety_gate"
pocs/wireless/23_CVE_2020_15802_BT_BLURtooth_CTKD_Active_Validation.py,wireless,BT BLURtooth CTKD Audit,CVE-2020-15802,bluetooth,STATIC_OR_METADATA,False,False,True,False,False,"attack_input,execution_path,safety_gate"
pocs/wireless/24_CVE_2023_45866_BT_BlueZ_HID_Access_Active_Validation.py,wireless,BT BlueZ HID Access Audit,"CVE-2023-45866,CVE-2024-8805",bluetooth,STATIC_OR_METADATA,False,False,True,False,False,"attack_input,execution_path,safety_gate"
pocs/wireless/25_CVE_2022_23303_WiFi_SAE_Cache_Side_Channel_Active_Validation.py,wireless,WiFi SAE Cache Side Channel Audit,CVE-2022-23303,wifi,STATIC_OR_METADATA,False,False,True,False,False,"attack_input,execution_path,safety_gate"
pocs/wireless/26_CVE_2017_0561_WiFi_Broadcom_Firmware_RCE_Active_Validation.py,wireless,WiFi Broadcom Firmware RCE Audit,CVE-2017-0561,wifi,STATIC_OR_METADATA,False,False,True,True,False,"attack_input,execution_path"
pocs/wireless/27_CVE_2019_9495_WiFi_EAP_PWD_Cache_Active_Validation.py,wireless,WiFi EAP PWD Cache Audit,CVE-2019-9495,wifi,STATIC_OR_METADATA,False,False,True,False,False,"attack_input,execution_path,safety_gate"
pocs/wireless/28_CVE_2019_9497_WiFi_EAP_PWD_Authentication_Bypass_Active_Validation.py,wireless,WiFi EAP PWD Auth Bypass Audit,CVE-2019-9497,wifi,STATIC_OR_METADATA,False,False,True,False,False,"attack_input,execution_path,safety_gate"
pocs/wireless/29_CVE_2019_9499_WiFi_EAP_PWD_Client_Takeover_Active_Validation.py,wireless,WiFi EAP PWD Client Takeover Audit,CVE-2019-9499,wifi,STATIC_OR_METADATA,False,False,True,True,False,"attack_input,execution_path"
pocs/wireless/30_CVE_2021_0475_BT_Android_L2CAP_UAF_RCE_Active_Validation.py,wireless,BT Android L2CAP UAF RCE Audit,CVE-2021-0475,bluetooth,STATIC_OR_METADATA,False,False,True,True,False,"attack_input,execution_path"
pocs/wireless/31_CVE_2022_20345_BT_Android_BLE_L2CAP_OOB_RCE_Active_Validation.py,wireless,BT Android BLE L2CAP OOB RCE Audit,CVE-2022-20345,bluetooth,STATIC_OR_METADATA,False,False,True,True,False,"attack_input,execution_path"
pocs/wireless/32_CVE_2022_20411_BT_Android_AVDTP_OOB_RCE_Active_Validation.py,wireless,BT Android AVDTP OOB RCE Audit,CVE-2022-20411,bluetooth,STATIC_OR_METADATA,False,False,True,True,False,"attack_input,execution_path"
pocs/wireless/33_CVE_2023_21108_BT_Android_HFP_SDP_UAF_RCE_Active_Validation.py,wireless,BT Android HFP SDP UAF RCE Audit,CVE-2023-21108,bluetooth,STATIC_OR_METADATA,False,False,True,True,False,"attack_input,execution_path"
pocs/wireless/34_BT_BlueZ_PBAP_Heap_RCE_Audit.py,wireless,BT BlueZ PBAP Heap RCE Audit,CVE-2023-50230,bluetooth,PAYLOAD_NOT_EXECUTED,True,False,True,True,False,execution_path
pocs/wireless/35_CVE_2026_2539_Active_Validation.py,wireless,CVE-2026-2539 协议明文/认证材料泄露 Active Validation,CVE-2026-2539,rf,STATIC_OR_METADATA,False,False,True,False,False,"attack_input,execution_path,safety_gate"
pocs/wireless/36_CVE_2026_2540_Active_Validation.py,wireless,CVE-2026-2540 认证绕过/重放 Active Validation,CVE-2026-2540,rf,PAYLOAD_NOT_EXECUTED,True,False,True,False,False,"execution_path,safety_gate"
pocs/wireless/37_CVE_2026_2541_Active_Validation.py,wireless,CVE-2026-2541 熵不足 Active Validation,CVE-2026-2541,rf,STATIC_OR_METADATA,False,False,True,False,False,"attack_input,execution_path,safety_gate"
pocs/wireless/38_CVE_2026_49318_Active_Validation.py,wireless,CVE-2026-49318 协议状态机缺陷 Active Validation,CVE-2026-49318,rf,STATIC_OR_METADATA,False,False,False,False,False,"attack_input,execution_path,observable_result,safety_gate"
pocs/wireless/39_CVE_2026_49319_Active_Validation.py,wireless,CVE-2026-49319 重放攻击 Active Validation,CVE-2026-49319,rf,PAYLOAD_NOT_EXECUTED,True,False,True,False,False,"execution_path,safety_gate"
pocs/wireless/40_CVE_2026_49322_Active_Validation.py,wireless,CVE-2026-49322 弱加密/重放 Active Validation,CVE-2026-49322,rf,STATIC_OR_METADATA,False,False,False,False,False,"attack_input,execution_path,observable_result,safety_gate"
pocs/wireless/41_CVE_2026_49324_Active_Validation.py,wireless,CVE-2026-49324 认证节流不足 Active Validation,CVE-2026-49324,rf,PAYLOAD_NOT_EXECUTED,True,False,True,False,False,"execution_path,safety_gate"
pocs/wireless/42_CVE_2025_5475_Active_Validation.py,wireless,CVE-2025-5475 Bluetooth整数溢出/RCE Active Validation,CVE-2025-5475,bluetooth,PAYLOAD_NOT_EXECUTED,True,False,True,False,False,"execution_path,safety_gate"
pocs/wireless/43_CVE_2025_5476_Active_Validation.py,wireless,CVE-2025-5476 Bluetooth认证绕过 Active Validation,CVE-2025-5476,bluetooth,STATIC_OR_METADATA,False,False,False,False,False,"attack_input,execution_path,observable_result,safety_gate"
pocs/wireless/44_CVE_2025_5477_Active_Validation.py,wireless,CVE-2025-5477 Bluetooth L2CAP堆溢出/RCE Active Validation,CVE-2025-5477,bluetooth,PAYLOAD_NOT_EXECUTED,True,False,True,False,False,"execution_path,safety_gate"
pocs/wireless/45_CVE_2025_5478_Active_Validation.py,wireless,CVE-2025-5478 Bluetooth SDP整数溢出/RCE Active Validation,CVE-2025-5478,bluetooth,PAYLOAD_NOT_EXECUTED,True,False,True,False,False,"execution_path,safety_gate"
pocs/wireless/46_CVE_2025_5479_Active_Validation.py,wireless,CVE-2025-5479 Bluetooth AVCTP堆溢出/RCE Active Validation,CVE-2025-5479,bluetooth,PAYLOAD_NOT_EXECUTED,True,False,True,False,False,"execution_path,safety_gate"
pocs/wireless/47_CVE_2025_5820_Active_Validation.py,wireless,CVE-2025-5820 Bluetooth ERTM认证绕过 Active Validation,CVE-2025-5820,bluetooth,STATIC_OR_METADATA,False,False,False,False,False,"attack_input,execution_path,observable_result,safety_gate"
pocs/wireless/48_CVE_2024_6348_Active_Validation.py,wireless,CVE-2024-6348 随机数不足 Active Validation,CVE-2024-6348,rf,STATIC_OR_METADATA,False,False,False,False,False,"attack_input,execution_path,observable_result,safety_gate"
pocs/wireless/49_CVE_2023_29114_Active_Validation.py,wireless,CVE-2023-29114 访问控制不足/敏感信息泄露 Active Validation,CVE-2023-29114,wifi,STATIC_OR_METADATA,False,False,True,False,False,"attack_input,execution_path,safety_gate"
pocs/wireless/51_CVE_2017_0785_Active_Validation.py,wireless,CVE-2017-0785 BlueBorne信息泄露 Active Validation,CVE-2017-0785,bluetooth,STATIC_OR_METADATA,False,False,True,False,False,"attack_input,execution_path,safety_gate"
pocs/wireless/53_CVE_2017_0782_Active_Validation.py,wireless,CVE-2017-0782 BlueBorne RCE Active Validation,CVE-2017-0782,bluetooth,STATIC_OR_METADATA,False,False,False,False,False,"attack_input,execution_path,observable_result,safety_gate"
pocs/wireless/54_CVE_2017_1000251_Active_Validation.py,wireless,CVE-2017-1000251 BlueBorne内核RCE Active Validation,CVE-2017-1000251,bluetooth,PAYLOAD_NOT_EXECUTED,True,False,True,False,False,"execution_path,safety_gate"
pocs/wireless/56_CVE_2017_13078_Active_Validation.py,wireless,CVE-2017-13078 KRACK密钥重装 Active Validation,CVE-2017-13078,can,PAYLOAD_NOT_EXECUTED,True,False,False,False,False,"execution_path,observable_result,safety_gate"
pocs/wireless/57_CVE_2017_13079_Active_Validation.py,wireless,CVE-2017-13079 KRACK密钥重装 Active Validation,CVE-2017-13079,can,PAYLOAD_NOT_EXECUTED,True,False,False,False,False,"execution_path,observable_result,safety_gate"
pocs/wireless/58_CVE_2017_13080_Active_Validation.py,wireless,CVE-2017-13080 KRACK密钥重装 Active Validation,CVE-2017-13080,can,PAYLOAD_NOT_EXECUTED,True,False,False,False,False,"execution_path,observable_result,safety_gate"
pocs/wireless/59_CVE_2017_13081_Active_Validation.py,wireless,CVE-2017-13081 KRACK密钥重装 Active Validation,CVE-2017-13081,can,PAYLOAD_NOT_EXECUTED,True,False,False,False,False,"execution_path,observable_result,safety_gate"
pocs/wireless/62_CVE_2020_10135_Active_Validation.py,wireless,CVE-2020-10135 认证绕过 Active Validation,CVE-2020-10135,bluetooth,STATIC_OR_METADATA,False,False,True,False,False,"attack_input,execution_path,safety_gate"
pocs/wireless/63_CVE_2020_26555_Active_Validation.py,wireless,CVE-2020-26555 认证绕过 Active Validation,CVE-2020-26555,bluetooth,STATIC_OR_METADATA,False,False,False,False,False,"attack_input,execution_path,observable_result,safety_gate"
pocs/wireless/64_CVE_2020_26558_Active_Validation.py,wireless,CVE-2020-26558 配对绕过/中间人 Active Validation,CVE-2020-26558,bluetooth,STATIC_OR_METADATA,False,False,False,False,False,"attack_input,execution_path,observable_result,safety_gate"
pocs/wireless/67_CVE_2024_23206_Active_Validation.py,wireless,CVE-2024-23206 RCE/网络邻近攻击 Active Validation,CVE-2024-23206,wifi,PAYLOAD_NOT_EXECUTED,True,False,False,False,False,"execution_path,observable_result,safety_gate"
